,duur,beweging,time
0,76,True,2015-12-02 19:41:36.893
1,82,False,2015-12-02 19:38:10.076
2,74,True,2015-12-02 17:51:54.176
3,82,False,2015-12-02 17:49:17.184
4,74,True,2015-12-02 16:51:00.887
5,82,False,2015-12-02 16:45:55.982
6,74,True,2015-12-02 15:52:29.990
7,81,False,2015-12-02 15:49:26.180
8,73,True,2015-12-02 14:17:07.083
9,82,False,2015-12-02 14:13:22.894
10,74,True,2015-12-02 14:04:21.884
11,81,False,2015-12-02 14:01:10.084
12,74,True,2015-12-02 13:46:39.376
13,82,False,2015-12-02 13:42:38.791
14,78,True,2015-12-02 11:15:37.896
15,82,False,2015-12-02 11:11:32.694
16,75,True,2015-12-02 08:18:33.788
17,82,False,2015-12-02 08:14:43.791
18,75,True,2015-12-02 06:11:46.000
19,82,False,2015-12-02 06:06:31.389
20,79,True,2015-12-03 21:12:06.481
21,83,False,2015-12-03 21:08:25.874
22,78,True,2015-12-03 19:05:59.578
23,83,False,2015-12-03 19:02:56.799
24,74,True,2015-12-03 17:32:11.188
25,82,False,2015-12-03 17:27:46.792
26,80,True,2015-12-03 16:51:34.882
27,83,False,2015-12-03 16:47:09.978
28,74,True,2015-12-03 13:48:08.276
29,82,False,2015-12-03 13:45:05.576
30,75,True,2015-12-03 12:28:02.799
31,81,False,2015-12-03 12:25:14.190
32,80,True,2015-12-03 11:20:33.797
33,83,False,2015-12-03 11:13:32.082
34,80,True,2015-12-04 12:18:29.200
35,83,False,2015-12-04 12:15:34.785
36,86,True,2015-12-05 07:28:47.200
37,84,False,2015-12-05 07:20:02.096
38,74,True,2015-12-07 15:56:33.593
39,81,False,2015-12-07 15:54:06.090
40,74,True,2015-12-07 14:20:22.201
41,81,False,2015-12-07 14:17:44.990
42,74,True,2015-12-07 13:58:34.598
43,81,False,2015-12-07 13:56:08.593
44,82,True,2015-12-07 13:14:58.086
45,83,False,2015-12-07 13:11:18.979
46,74,True,2015-12-08 12:37:14.384
47,81,False,2015-12-08 12:32:58.175
48,74,True,2015-12-08 12:19:48.385
49,81,False,2015-12-08 12:16:47.082
50,79,True,2015-12-08 10:49:23.283
51,82,False,2015-12-08 10:44:28.078
52,83,True,2015-12-08 08:16:11.277
53,84,False,2015-12-08 08:11:58.777
54,82,True,2015-12-08 00:58:15.792
55,83,False,2015-12-08 00:52:02.595
56,81,True,2015-12-09 21:44:48.780
57,84,False,2015-12-09 21:41:41.286
58,82,True,2015-12-09 18:53:11.197
59,84,False,2015-12-09 18:42:24.690
60,74,True,2015-12-09 13:57:49.878
61,82,False,2015-12-09 13:53:13.983
62,77,True,2015-12-09 13:50:17.289
63,83,False,2015-12-09 13:47:17.479
64,74,True,2015-12-09 12:08:39.088
65,82,False,2015-12-09 12:02:54.080
66,74,True,2015-12-09 11:01:31.088
67,82,False,2015-12-09 10:55:09.277
68,79,True,2015-12-09 10:39:22.279
69,84,False,2015-12-09 10:36:18.976
70,84,True,2015-12-09 08:12:58.083
71,85,False,2015-12-09 08:09:54.282
72,80,True,2015-12-10 19:22:55.080
73,84,False,2015-12-10 19:19:47.176
74,75,True,2015-12-10 15:31:16.985
75,83,False,2015-12-10 15:27:52.781
76,75,True,2015-12-10 14:36:34.793
77,82,False,2015-12-10 14:30:19.887
78,75,True,2015-12-10 14:16:12.989
79,83,False,2015-12-10 14:13:30.697
80,75,True,2015-12-10 12:30:52.778
81,83,False,2015-12-10 12:28:37.685
82,76,True,2015-12-10 11:56:41.980
83,83,False,2015-12-10 11:53:01.480
84,75,True,2015-12-10 11:28:40.679
85,83,False,2015-12-10 11:26:58.082
86,82,True,2015-12-10 10:40:09.091
87,85,False,2015-12-10 10:38:06.489
88,86,True,2015-12-10 07:00:04.688
89,86,False,2015-12-10 06:56:40.583
90,79,True,2015-12-11 16:33:46.584
91,84,False,2015-12-11 16:30:59.579
92,75,True,2015-12-11 11:27:55.789
93,83,False,2015-12-11 11:24:25.891
94,76,True,2015-12-11 11:01:06.990
95,84,False,2015-12-11 10:58:57.694
96,79,True,2015-12-11 09:41:25.276
97,84,False,2015-12-11 09:37:11.987
98,86,True,2015-12-11 08:47:27.997
99,86,False,2015-12-11 08:41:37.676
100,85,True,2015-12-12 12:17:45.883
101,85,False,2015-12-12 12:15:16.685
102,77,True,2015-12-14 17:20:46.082
103,83,False,2015-12-14 17:17:24.580
104,74,True,2015-12-14 15:20:26.673
105,82,False,2015-12-14 15:17:16.880
106,74,True,2015-12-14 15:02:01.178
107,82,False,2015-12-14 14:58:39.279
108,78,True,2015-12-14 13:48:00.980
109,82,False,2015-12-14 13:44:30.095
110,78,True,2015-12-14 11:40:18.996
111,83,False,2015-12-14 11:37:36.000
112,79,True,2015-12-14 07:59:40.583
113,84,False,2015-12-14 07:56:21.384
114,79,True,2015-12-15 17:52:12.993
115,83,False,2015-12-15 17:43:16.886
116,74,True,2015-12-15 15:35:08.678
117,81,False,2015-12-15 15:32:37.579
118,74,True,2015-12-15 15:21:54.580
119,82,False,2015-12-15 15:19:21.685
120,75,True,2015-12-15 14:12:53.584
121,82,False,2015-12-15 14:09:05.481
122,74,True,2015-12-15 13:38:20.578
123,82,False,2015-12-15 13:34:48.285
124,75,True,2015-12-15 11:39:41.984
125,82,False,2015-12-15 11:36:00.499
126,8,False,2015-12-15 11:35:29.594
127,78,True,2015-12-15 10:58:38.892
128,83,False,2015-12-15 10:56:09.596
129,79,True,2015-12-15 09:17:17.600
130,84,False,2015-12-15 09:13:14.379
131,76,True,2015-12-15 07:30:42.297
132,83,False,2015-12-15 07:26:45.093
133,82,True,2015-12-15 06:45:24.199
134,85,False,2015-12-15 06:42:40.574
135,79,True,2015-12-16 22:09:31.490
136,82,False,2015-12-16 22:07:01.089
137,74,True,2015-12-16 15:14:10.381
138,82,False,2015-12-16 15:12:04.781
139,75,True,2015-12-16 15:09:57.275
140,82,False,2015-12-16 15:06:03.381
141,77,True,2015-12-16 13:29:25.180
142,82,False,2015-12-16 13:26:01.277
143,74,True,2015-12-16 10:42:03.579
144,81,False,2015-12-16 10:39:45.084
145,78,True,2015-12-16 10:31:33.093
146,82,False,2015-12-16 10:28:05.399
147,81,True,2015-12-16 08:41:09.678
148,83,False,2015-12-16 08:39:21.183
149,78,True,2015-12-17 22:04:15.587
150,82,False,2015-12-17 22:01:29.886
151,78,True,2015-12-17 19:34:31.683
152,81,False,2015-12-17 19:30:10.078
153,74,True,2015-12-17 16:11:57.500
154,81,False,2015-12-17 16:09:17.494
155,74,True,2015-12-17 15:15:40.491
156,81,False,2015-12-17 15:13:07.793
157,72,True,2015-12-17 14:13:34.399
158,21,True,2015-12-17 14:13:07.398
159,82,False,2015-12-17 14:10:24.995
160,77,True,2015-12-17 09:16:44.395
161,82,False,2015-12-17 09:13:03.788
162,78,True,2015-12-17 07:37:52.296
163,81,False,2015-12-17 07:32:25.299
164,82,True,2015-12-17 05:41:01.895
165,82,False,2015-12-17 05:37:04.801
166,77,True,2015-12-18 14:23:19.590
167,81,False,2015-12-18 14:20:29.186
168,80,True,2015-12-18 12:33:07.781
169,82,False,2015-12-18 12:30:39.989
170,85,True,2015-12-18 09:27:43.784
171,82,False,2015-12-18 09:24:31.184
172,141,False,2015-12-19 10:44:55.978
173,82,True,2015-12-19 10:41:06.577
174,82,False,2015-12-19 10:38:29.480
175,80,True,2015-12-21 18:44:57.985
176,82,False,2015-12-21 18:38:16.980
177,74,True,2015-12-21 17:11:20.774
178,82,False,2015-12-21 17:07:23.285
179,74,True,2015-12-21 16:04:46.186
180,82,False,2015-12-21 16:01:01.596
181,73,True,2015-12-21 12:32:01.384
182,81,False,2015-12-21 12:29:07.691
183,74,True,2015-12-21 12:23:04.791
184,82,False,2015-12-21 12:16:30.775
185,74,True,2015-12-21 11:59:46.394
186,82,False,2015-12-21 11:57:52.997
187,74,True,2015-12-21 11:29:36.388
188,82,False,2015-12-21 11:26:09.292
189,74,True,2015-12-21 10:49:38.883
190,82,False,2015-12-21 10:46:08.582
191,74,True,2015-12-21 10:30:58.800
192,83,False,2015-12-21 10:27:31.997
193,78,True,2015-12-22 17:28:30.178
194,82,False,2015-12-22 17:25:18.976
195,74,True,2015-12-22 12:45:54.875
196,82,False,2015-12-22 12:43:23.880
197,78,True,2015-12-22 10:25:45.497
198,82,False,2015-12-22 10:21:47.497
199,81,True,2015-12-23 18:10:44.396
200,82,False,2015-12-23 18:08:10.281
201,79,True,2015-12-23 12:52:53.284
202,82,False,2015-12-23 12:49:28.895
203,80,True,2015-12-23 08:44:26.101
204,83,False,2015-12-23 08:41:37.699
205,78,True,2015-12-28 15:28:30.285
206,82,False,2015-12-28 15:23:05.481
207,81,True,2015-12-28 13:24:01.486
208,83,False,2015-12-28 13:14:33.295
209,84,True,2015-12-29 10:15:46.094
210,85,False,2015-12-29 10:14:03.677
211,75,True,2015-12-31 13:01:43.286
212,83,False,2015-12-31 12:56:33.780
213,78,True,2015-12-31 10:17:33.392
214,84,False,2015-12-31 10:14:01.802
215,75,True,2015-12-31 06:51:13.397
216,84,False,2015-12-31 06:47:27.496
217,78,True,2016-01-04 11:55:06.187
218,84,False,2016-01-04 11:52:11.380
219,81,True,2016-01-04 08:58:29.880
220,86,False,2016-01-04 08:55:25.783
221,75,True,2016-01-05 17:14:52.881
222,83,False,2016-01-05 17:11:12.782
223,79,True,2016-01-05 16:28:23.696
224,84,False,2016-01-05 16:25:31.492
225,74,True,2016-01-05 09:09:13.287
226,82,False,2016-01-05 09:06:35.285
227,81,True,2016-01-05 08:50:29.575
228,84,False,2016-01-05 08:46:10.382
229,80,True,2016-01-06 18:15:47.693
230,84,False,2016-01-06 18:10:15.495
231,74,True,2016-01-06 14:11:58.788
232,81,False,2016-01-06 14:09:35.094
233,74,True,2016-01-06 14:04:08.395
234,83,False,2016-01-06 14:00:32.880
235,78,True,2016-01-06 13:00:04.586
236,84,False,2016-01-06 12:58:28.883
237,74,True,2016-01-06 11:05:39.301
238,83,False,2016-01-06 11:03:07.197
239,74,True,2016-01-06 10:01:26.181
240,82,False,2016-01-06 09:57:43.385
241,75,True,2016-01-06 09:49:20.495
242,83,False,2016-01-06 09:45:57.896
243,83,True,2016-01-06 09:21:56.877
244,85,False,2016-01-06 09:20:27.389
245,75,True,2016-01-07 17:54:08.280
246,83,False,2016-01-07 17:51:26.375
247,81,True,2016-01-07 17:17:31.074
248,86,False,2016-01-07 17:11:21.681
249,76,True,2016-01-07 13:42:18.780
250,83,False,2016-01-07 13:39:49.795
251,82,True,2016-01-07 13:16:07.297
252,85,False,2016-01-07 13:12:28.984
253,86,True,2016-01-07 10:00:44.485
254,85,False,2016-01-07 09:54:52.792
255,80,True,2016-01-08 23:27:28.279
256,86,False,2016-01-08 23:24:32.885
257,81,True,2016-01-08 21:35:05.880
258,86,False,2016-01-08 21:31:45.980
259,75,True,2016-01-08 19:22:34.479
260,83,False,2016-01-08 19:19:55.683
261,85,True,2016-01-08 19:07:52.086
262,85,False,2016-01-08 19:03:12.487
263,75,True,2016-01-08 12:28:34.390
264,83,False,2016-01-08 12:25:51.577
265,82,True,2016-01-08 11:32:17.800
266,85,False,2016-01-08 11:30:27.292
267,86,True,2016-01-08 08:47:38.683
268,87,False,2016-01-08 08:43:38.482
269,83,True,2016-01-09 10:41:39.491
270,85,False,2016-01-09 10:40:08.088
271,78,True,2016-01-11 19:36:34.492
272,84,False,2016-01-11 19:33:34.999
273,75,True,2016-01-11 18:12:52.593
274,83,False,2016-01-11 18:05:35.596
275,80,True,2016-01-11 17:28:54.886
276,84,False,2016-01-11 17:25:03.474
277,75,True,2016-01-11 13:54:01.492
278,84,False,2016-01-11 13:50:47.790
279,75,True,2016-01-11 13:01:53.398
280,83,False,2016-01-11 12:58:55.983
281,76,True,2016-01-11 12:41:23.594
282,85,False,2016-01-11 12:37:58.588
283,76,True,2016-01-11 11:26:39.099
284,84,False,2016-01-11 11:22:18.990
285,83,True,2016-01-11 10:28:32.776
286,86,False,2016-01-11 10:24:20.789
287,84,True,2016-01-11 07:54:40.779
288,87,False,2016-01-11 07:52:48.185
289,78,True,2016-01-12 20:03:44.780
290,83,False,2016-01-12 20:01:11.180
291,78,True,2016-01-12 18:38:30.083
292,83,False,2016-01-12 18:35:14.386
293,79,True,2016-01-12 17:09:29.581
294,84,False,2016-01-12 17:06:33.879
295,81,True,2016-01-12 15:39:05.780
296,84,False,2016-01-12 15:36:05.785
297,83,True,2016-01-12 12:35:52.776
298,85,False,2016-01-12 12:32:57.777
299,87,True,2016-01-12 08:39:20.980
300,85,False,2016-01-12 08:35:11.487
301,79,True,2016-01-13 16:52:00.281
302,84,False,2016-01-13 16:48:02.285
303,80,True,2016-01-13 15:49:23.074
304,85,False,2016-01-13 15:45:50.482
305,75,True,2016-01-13 11:27:44.292
306,83,False,2016-01-13 11:25:30.492
307,75,True,2016-01-13 10:49:26.082
308,83,False,2016-01-13 10:46:44.078
309,79,True,2016-01-13 10:22:13.174
310,86,False,2016-01-13 10:20:35.584
311,76,True,2016-01-14 13:21:04.581
312,84,False,2016-01-14 13:18:03.289
313,81,True,2016-01-14 12:14:49.987
314,85,False,2016-01-14 12:12:09.091
315,83,True,2016-01-14 10:30:50.486
316,87,False,2016-01-14 10:26:50.981
317,86,True,2016-01-14 07:58:03.586
318,87,False,2016-01-14 07:55:32.401
319,83,True,2016-01-15 21:18:01.279
320,88,False,2016-01-15 21:14:56.982
321,78,True,2016-01-18 14:54:05.781
322,86,False,2016-01-18 14:51:27.676
323,78,True,2016-01-18 14:09:58.787
324,86,False,2016-01-18 14:06:50.878
325,79,True,2016-01-18 13:44:51.684
326,86,False,2016-01-18 13:40:57.084
327,80,True,2016-01-18 12:57:16.878
328,88,False,2016-01-18 12:52:33.386
329,80,True,2016-01-18 11:32:22.474
330,88,False,2016-01-18 11:28:36.478
331,86,True,2016-01-18 11:06:39.280
332,94,False,2016-01-18 11:02:35.487
333,85,True,2016-01-19 14:40:00.386
334,90,False,2016-01-19 14:37:45.592
335,95,True,2016-01-19 09:37:30.086
336,101,False,2016-01-19 09:33:49.392
337,82,True,2016-01-20 07:53:53.783
338,87,False,2016-01-20 07:51:48.377
339,89,True,2016-01-20 06:42:38.496
340,91,False,2016-01-20 06:39:08.787
341,85,True,2016-01-21 19:58:43.096
342,89,False,2016-01-21 19:54:51.397
343,80,True,2016-01-21 15:52:44.489
344,84,False,2016-01-21 15:49:43.175
345,81,True,2016-01-21 14:29:46.592
346,86,False,2016-01-21 14:26:27.795
347,82,True,2016-01-21 11:48:38.683
348,87,False,2016-01-21 11:45:00.377
349,78,True,2016-01-21 09:05:08.380
350,84,False,2016-01-21 08:57:41.091
351,90,True,2016-01-21 08:44:21.483
352,90,False,2016-01-21 08:39:46.285
353,84,True,2016-01-22 14:42:23.291
354,87,False,2016-01-22 14:39:37.893
355,85,True,2016-01-22 11:45:03.491
356,89,False,2016-01-22 11:40:47.991
357,88,True,2016-01-23 08:19:17.095
358,86,False,2016-01-23 08:16:04.396
359,79,True,2016-01-25 16:33:47.689
360,81,False,2016-01-25 16:31:23.478
361,74,True,2016-01-25 14:12:29.497
362,81,False,2016-01-25 14:09:42.589
363,83,True,2016-01-25 13:06:57.788
364,81,False,2016-01-25 13:00:05.282
365,74,True,2016-01-26 21:46:24.295
366,82,False,2016-01-26 21:42:41.391
367,78,True,2016-01-26 21:10:49.592
368,82,False,2016-01-26 21:07:09.194
369,85,True,2016-01-26 20:04:26.091
370,83,False,2016-01-26 20:01:20.492
371,82,True,2016-01-26 11:45:57.878
372,82,False,2016-01-26 11:43:40.081
373,80,True,2016-01-26 06:45:04.784
374,83,False,2016-01-26 06:40:24.284
375,77,True,2016-01-27 17:47:20.001
376,82,False,2016-01-27 17:42:58.987
377,83,True,2016-01-27 16:53:38.676
378,82,False,2016-01-27 16:51:05.281
379,82,True,2016-01-27 11:41:14.694
380,83,False,2016-01-27 11:38:10.693
381,81,True,2016-01-27 07:46:22.290
382,82,False,2016-01-27 07:42:22.294
383,80,True,2016-01-28 17:57:01.377
384,84,False,2016-01-28 17:54:06.882
385,74,True,2016-01-28 13:40:18.580
386,83,False,2016-01-28 13:36:34.986
387,76,True,2016-01-28 12:45:22.987
388,83,False,2016-01-28 12:42:50.587
389,76,True,2016-01-28 11:02:07.392
390,85,False,2016-01-28 10:58:39.191
391,82,True,2016-01-29 20:25:25.279
392,82,False,2016-01-29 20:20:52.290
393,82,True,2016-01-29 16:53:17.279
394,83,False,2016-01-29 16:49:11.388
395,83,True,2016-01-29 12:15:02.989
396,83,False,2016-01-29 12:12:38.291
397,83,True,2016-01-29 07:52:12.297
398,84,False,2016-01-29 07:48:26.392
399,83,True,2016-01-30 18:40:15.983
400,86,False,2016-01-30 18:38:39.580
401,80,True,2016-01-30 12:07:14.898
402,84,False,2016-01-30 12:04:23.191
403,79,True,2016-02-01 19:59:53.583
404,83,False,2016-02-01 19:56:11.578
405,77,True,2016-02-01 16:43:34.596
406,83,False,2016-02-01 16:39:33.990
407,73,True,2016-02-01 14:08:44.292
408,81,False,2016-02-01 14:05:52.483
409,73,True,2016-02-01 13:55:16.477
410,82,False,2016-02-01 13:50:40.489
411,74,True,2016-02-01 13:26:49.983
412,82,False,2016-02-01 13:23:12.786
413,75,True,2016-02-01 13:11:23.909
414,82,False,2016-02-01 13:08:23.592
415,74,True,2016-02-01 11:13:57.392
416,82,False,2016-02-01 11:10:01.990
417,84,True,2016-02-01 11:02:43.985
418,83,False,2016-02-01 10:59:42.487
419,79,True,2016-02-01 19:59:53.583
420,83,False,2016-02-01 19:56:11.578
421,77,True,2016-02-01 16:43:34.596
422,83,False,2016-02-01 16:39:33.990
423,73,True,2016-02-01 14:08:44.292
424,81,False,2016-02-01 14:05:52.483
425,73,True,2016-02-01 13:55:16.477
426,82,False,2016-02-01 13:50:40.489
427,74,True,2016-02-01 13:26:49.983
428,82,False,2016-02-01 13:23:12.786
429,75,True,2016-02-01 13:11:23.909
430,82,False,2016-02-01 13:08:23.592
431,74,True,2016-02-01 11:13:57.392
432,82,False,2016-02-01 11:10:01.990
433,84,True,2016-02-01 11:02:43.985
434,83,False,2016-02-01 10:59:42.487
435,79,True,2016-02-02 19:11:36.987
436,84,False,2016-02-02 19:08:48.084
437,77,True,2016-02-02 14:31:14.693
438,83,False,2016-02-02 14:24:09.288
439,73,True,2016-02-02 13:28:15.695
440,82,False,2016-02-02 13:25:26.493
441,78,True,2016-02-02 13:05:09.998
442,83,False,2016-02-02 12:56:23.798
443,78,True,2016-02-02 11:33:12.798
444,82,False,2016-02-02 11:29:46.392
445,73,True,2016-02-02 09:45:03.174
446,81,False,2016-02-02 09:38:31.189
447,73,True,2016-02-02 09:29:58.096
448,82,False,2016-02-02 09:25:37.388
449,74,True,2016-02-02 08:52:48.683
450,83,False,2016-02-02 08:50:46.588
451,75,True,2016-02-03 13:35:52.481
452,85,False,2016-02-03 13:31:58.980
453,75,True,2016-02-03 12:29:25.189
454,82,False,2016-02-03 12:27:15.201
455,75,True,2016-02-03 12:22:52.285
456,84,False,2016-02-03 12:20:27.484
457,79,True,2016-02-03 11:13:22.578
458,84,False,2016-02-03 11:11:08.082
459,83,True,2016-02-03 09:31:37.292
460,87,False,2016-02-03 09:29:14.794
461,75,True,2016-02-04 21:31:58.191
462,83,False,2016-02-04 21:28:30.395
463,80,True,2016-02-04 20:51:56.579
464,85,False,2016-02-04 20:49:07.381
465,84,True,2016-02-04 12:47:21.877
466,86,False,2016-02-04 12:43:25.381
467,80,True,2016-02-04 07:29:27.980
468,87,False,2016-02-04 07:27:05.988
469,74,True,2016-02-05 15:54:03.582
470,82,False,2016-02-05 15:51:56.180
471,79,True,2016-02-05 08:21:25.584
472,84,False,2016-02-05 08:17:26.180
473,78,True,2016-02-06 07:09:08.387
474,84,False,2016-02-06 07:05:20.576
475,74,True,2016-02-08 16:24:21.496
476,81,False,2016-02-08 16:18:14.780
477,78,True,2016-02-08 16:08:32.982
478,83,False,2016-02-08 16:04:56.199
479,76,True,2016-02-08 10:38:21.683
480,82,False,2016-02-08 10:33:04.880
481,75,True,2016-02-08 09:53:02.578
482,83,False,2016-02-08 09:49:15.186
483,79,True,2016-02-08 08:18:20.577
484,85,False,2016-02-08 08:15:09.980
485,80,True,2016-02-09 11:57:00.994
486,85,False,2016-02-09 11:52:49.591
487,80,True,2016-02-09 08:53:19.594
488,85,False,2016-02-09 08:50:00.500
489,76,True,2016-02-10 18:47:05.674
490,83,False,2016-02-10 18:42:02.086
491,81,True,2016-02-10 18:02:50.498
492,85,False,2016-02-10 17:58:37.392
493,80,True,2016-02-10 15:51:46.097
494,85,False,2016-02-10 15:47:53.477
495,83,True,2016-02-10 10:15:46.278
496,87,False,2016-02-10 10:12:58.175
497,75,True,2016-02-11 20:42:18.585
498,82,False,2016-02-11 20:39:06.679
499,80,True,2016-02-11 20:27:55.197
500,85,False,2016-02-11 20:24:51.696
501,75,True,2016-02-11 15:32:01.784
502,81,False,2016-02-11 15:28:56.287
503,75,True,2016-02-11 15:18:11.385
504,82,False,2016-02-11 15:15:48.377
505,75,True,2016-02-11 14:38:49.685
506,83,False,2016-02-11 14:35:01.277
507,75,True,2016-02-11 13:33:41.792
508,82,False,2016-02-11 13:31:34.397
509,79,True,2016-02-11 13:21:34.293
510,84,False,2016-02-11 13:18:15.994
511,77,True,2016-02-11 08:35:04.980
512,84,False,2016-02-11 08:22:56.982
513,78,True,2016-02-11 08:00:46.875
514,84,False,2016-02-11 07:56:04.179
515,81,True,2016-02-11 06:55:05.878
516,85,False,2016-02-11 06:51:03.581
517,84,True,2016-02-11 05:47:38.792
518,87,False,2016-02-11 05:42:51.494
519,81,True,2016-02-12 11:52:26.183
520,85,False,2016-02-12 11:49:15.581
521,83,True,2016-02-12 06:38:04.698
522,87,False,2016-02-12 06:34:58.198
523,91,False,2016-02-15 23:57:25.686
524,86,True,2016-02-15 13:44:18.190
525,86,False,2016-02-15 13:35:00.695
526,84,True,2016-02-16 20:37:34.174
527,87,False,2016-02-16 20:31:50.779
528,76,True,2016-02-16 17:59:03.883
529,83,False,2016-02-16 17:52:34.682
530,75,True,2016-02-16 17:22:17.484
531,83,False,2016-02-16 17:18:42.285
532,75,True,2016-02-16 15:33:38.280
533,81,False,2016-02-16 15:28:27.185
534,75,True,2016-02-16 15:25:46.185
535,83,False,2016-02-16 15:23:26.795
536,75,True,2016-02-16 14:56:46.474
537,82,False,2016-02-16 14:52:53.496
538,76,True,2016-02-16 14:40:33.488
539,83,False,2016-02-16 14:38:14.198
540,76,True,2016-02-16 13:10:24.399
541,83,False,2016-02-16 13:08:11.399
542,76,True,2016-02-16 12:49:17.388
543,83,False,2016-02-16 12:45:59.295
544,76,True,2016-02-16 12:21:20.404
545,83,False,2016-02-16 12:18:06.187
546,77,True,2016-02-16 11:18:10.592
547,83,False,2016-02-16 11:13:48.586
548,77,True,2016-02-16 10:55:08.691
549,85,False,2016-02-16 10:51:55.994
550,78,True,2016-02-16 10:04:09.587
551,86,False,2016-02-16 10:01:41.390
552,79,True,2016-02-16 08:58:14.396
553,88,False,2016-02-16 08:55:40.791
554,79,True,2016-02-16 07:54:17.291
555,88,False,2016-02-16 07:51:02.483
556,88,True,2016-02-16 07:23:42.489
557,94,False,2016-02-16 07:19:57.283
558,79,True,2016-02-16 00:03:57.290
559,81,True,2016-02-17 18:18:25.992
560,85,False,2016-02-17 18:15:00.288
561,77,True,2016-02-17 14:43:00.487
562,85,False,2016-02-17 14:39:45.177
563,78,True,2016-02-17 10:53:01.688
564,85,False,2016-02-17 10:50:40.479
565,79,True,2016-02-17 10:41:04.181
566,91,False,2016-02-17 10:36:34.779
567,87,True,2016-02-18 22:26:56.881
568,87,False,2016-02-18 22:24:19.585
569,81,True,2016-02-18 15:20:56.287
570,85,False,2016-02-18 15:18:12.882
571,78,True,2016-02-18 10:36:27.995
572,85,False,2016-02-18 10:27:29.299
573,87,True,2016-02-18 09:50:07.788
574,89,False,2016-02-18 09:40:59.981
575,87,True,2016-02-18 06:26:07.888
576,89,False,2016-02-18 06:22:12.280
577,76,True,2016-02-19 16:51:04.292
578,83,False,2016-02-19 16:48:18.699
579,75,True,2016-02-19 14:45:43.084
580,83,False,2016-02-19 14:42:34.882
581,76,True,2016-02-19 14:24:35.484
582,83,False,2016-02-19 14:18:44.478
583,79,True,2016-02-19 13:41:02.381
584,84,False,2016-02-19 13:32:28.887
585,77,True,2016-02-19 12:14:35.583
586,85,False,2016-02-19 12:12:00.889
587,80,True,2016-02-19 09:15:34.282
588,86,False,2016-02-19 09:11:37.486
589,87,True,2016-02-19 08:26:18.290
590,88,False,2016-02-19 08:18:44.076
591,82,True,2016-02-22 17:32:24.084
592,86,False,2016-02-22 17:29:52.082
593,81,True,2016-02-22 15:07:05.286
594,86,False,2016-02-22 15:03:14.985
595,82,True,2016-02-22 13:08:40.382
596,84,False,2016-02-22 13:05:11.076
597,85,True,2016-02-22 09:27:40.497
598,84,False,2016-02-22 09:25:33.997
599,79,True,2016-02-23 17:27:48.477
600,84,False,2016-02-23 17:25:18.276
601,75,True,2016-02-23 14:37:42.087
602,82,False,2016-02-23 14:35:08.193
603,76,True,2016-02-23 13:59:21.994
604,83,False,2016-02-23 13:55:47.495
605,77,True,2016-02-23 13:25:53.394
606,84,False,2016-02-23 13:22:31.283
607,80,True,2016-02-23 12:18:49.680
608,85,False,2016-02-23 12:16:10.283
609,77,True,2016-02-23 07:38:28.684
610,86,False,2016-02-23 07:34:49.184
611,75,True,2016-02-24 19:48:40.105
612,82,False,2016-02-24 19:45:28.092
613,82,True,2016-02-24 19:32:42.700
614,85,False,2016-02-24 19:28:55.096
615,76,True,2016-02-24 16:20:50.589
616,83,False,2016-02-24 16:16:11.385
617,74,True,2016-02-24 14:48:53.188
618,81,False,2016-02-24 14:46:22.079
619,75,True,2016-02-24 14:40:37.178
620,83,False,2016-02-24 14:36:38.788
621,76,True,2016-02-24 14:06:39.986
622,83,False,2016-02-24 14:04:00.391
623,76,True,2016-02-24 12:58:32.594
624,83,False,2016-02-24 12:56:14.594
625,81,True,2016-02-24 12:39:38.182
626,84,False,2016-02-24 12:37:07.703
627,86,True,2016-02-24 06:52:51.376
628,89,False,2016-02-24 06:49:56.474
629,83,True,2016-02-25 23:03:54.499
630,89,False,2016-02-25 23:00:50.883
631,76,True,2016-02-25 18:26:52.183
632,83,False,2016-02-25 18:25:18.787
633,86,True,2016-02-25 18:22:42.686
634,77,False,2016-02-25 17:04:42.677
635,77,True,2016-02-25 11:22:59.885
636,85,False,2016-02-25 11:19:12.680
637,77,True,2016-02-25 10:12:51.681
638,84,False,2016-02-25 10:10:53.986
639,81,True,2016-02-25 10:04:44.594
640,76,False,2016-02-25 10:02:38.492
641,21,False,2016-02-25 10:02:09.798
642,19,False,2016-02-25 10:01:11.894
643,77,True,2016-02-25 06:47:00.394
644,83,False,2016-02-25 06:43:17.098
645,90,True,2016-02-25 06:40:30.998
646,91,False,2016-02-25 06:36:49.592
647,76,True,2016-02-26 15:22:51.587
648,82,False,2016-02-26 15:12:12.281
649,76,True,2016-02-26 15:03:31.893
650,84,False,2016-02-26 15:01:01.890
651,77,True,2016-02-26 13:53:50.079
652,83,False,2016-02-26 13:50:16.185
653,84,True,2016-02-26 12:51:40.878
654,85,False,2016-02-26 12:49:07.180
655,85,True,2016-02-26 07:32:50.090
656,90,False,2016-02-26 07:30:10.985
657,79,True,2016-02-29 17:06:28.597
658,83,False,2016-02-29 17:02:39.386
659,75,True,2016-02-29 12:54:39.195
660,83,False,2016-02-29 12:48:30.594
661,76,True,2016-02-29 12:34:58.199
662,83,False,2016-02-29 12:32:10.090
663,76,True,2016-02-29 11:49:05.595
664,84,False,2016-02-29 11:42:30.794
665,81,True,2016-02-29 10:42:56.893
666,86,False,2016-02-29 10:41:06.488
667,87,True,2016-02-29 08:29:41.578
668,92,False,2016-02-29 08:23:23.983
669,78,True,2016-03-01 17:16:55.579
670,87,False,2016-03-01 17:13:37.688
671,76,True,2016-03-01 14:45:46.805
672,82,False,2016-03-01 14:42:49.191
673,76,True,2016-03-01 14:38:16.097
674,82,False,2016-03-01 14:35:11.093
675,77,True,2016-03-01 14:25:19.689
676,84,False,2016-03-01 14:22:50.195
677,78,True,2016-03-01 13:49:17.591
678,86,False,2016-03-01 13:46:38.993
679,82,True,2016-03-01 12:05:09.087
680,87,False,2016-03-01 12:01:17.783
681,83,True,2016-03-01 08:53:10.080
682,90,False,2016-03-01 08:49:24.999
683,85,True,2016-03-01 07:03:10.681
684,94,False,2016-03-01 06:59:33.086
685,84,True,2016-03-02 19:23:33.096
686,86,False,2016-03-02 19:19:34.579
687,77,True,2016-03-02 14:44:02.980
688,85,False,2016-03-02 14:41:25.678
689,82,True,2016-03-02 13:30:58.882
690,85,False,2016-03-02 13:28:49.475
691,83,True,2016-03-02 10:45:22.897
692,86,False,2016-03-02 10:43:08.693
693,82,True,2016-03-02 08:09:46.587
694,85,False,2016-03-02 08:06:57.389
695,80,True,2016-03-03 19:56:22.195
696,84,False,2016-03-03 19:53:40.387
697,79,True,2016-03-03 18:18:09.582
698,83,False,2016-03-03 18:14:17.379
699,77,True,2016-03-03 16:25:05.788
700,83,False,2016-03-03 16:23:07.587
701,80,True,2016-03-03 14:56:34.983
702,84,False,2016-03-03 14:52:56.083
703,76,True,2016-03-03 12:18:38.498
704,84,False,2016-03-03 12:11:44.793
705,77,True,2016-03-03 10:49:34.691
706,85,False,2016-03-03 10:46:17.893
707,77,True,2016-03-03 09:07:09.593
708,85,False,2016-03-03 09:03:57.789
709,77,True,2016-03-03 07:39:35.592
710,83,False,2016-03-03 07:35:00.383
711,83,True,2016-03-03 07:27:21.280
712,88,False,2016-03-03 07:22:39.490
713,83,True,2016-03-04 13:12:35.579
714,88,False,2016-03-04 13:09:21.488
715,82,True,2016-03-04 07:57:25.795
716,85,False,2016-03-04 07:54:33.692
717,91,True,2016-03-04 07:16:57.693
718,88,False,2016-03-04 07:11:48.793
719,81,True,2016-03-07 20:12:46.775
720,85,False,2016-03-07 20:09:03.783
721,79,True,2016-03-07 18:29:55.296
722,84,False,2016-03-07 18:25:49.496
723,82,True,2016-03-07 17:14:20.682
724,84,False,2016-03-07 17:11:54.381
725,83,True,2016-03-07 12:57:58.080
726,85,False,2016-03-07 12:49:38.081
727,82,True,2016-03-07 09:58:20.179
728,86,False,2016-03-07 09:55:30.079
729,88,True,2016-03-07 08:06:26.181
730,88,False,2016-03-07 08:01:57.579
731,82,True,2016-03-08 20:15:46.393
732,85,False,2016-03-08 20:12:19.399
733,75,True,2016-03-08 16:49:54.795
734,83,False,2016-03-08 16:45:56.985
735,79,True,2016-03-08 16:10:27.389
736,84,False,2016-03-08 16:06:34.595
737,75,True,2016-03-08 14:09:41.274
738,82,False,2016-03-08 14:06:16.487
739,75,True,2016-03-08 13:31:50.098
740,83,False,2016-03-08 13:28:39.692
741,75,True,2016-03-08 12:58:00.792
742,83,False,2016-03-08 12:56:14.694
743,75,True,2016-03-08 12:33:13.193
744,82,False,2016-03-08 12:31:04.688
745,76,True,2016-03-08 12:20:55.676
746,83,False,2016-03-08 12:17:29.281
747,78,True,2016-03-08 11:50:06.401
748,85,False,2016-03-08 11:47:08.182
749,77,True,2016-03-09 15:55:28.494
750,84,False,2016-03-09 15:53:05.980
751,79,True,2016-03-09 12:59:27.789
752,82,False,2016-03-09 12:56:05.297
753,78,True,2016-03-09 12:29:10.593
754,83,False,2016-03-09 12:26:51.793
755,80,True,2016-03-09 11:22:21.787
756,85,False,2016-03-09 11:19:46.785
757,77,True,2016-03-10 21:15:04.493
758,83,False,2016-03-10 21:11:27.192
759,78,True,2016-03-10 20:12:28.288
760,83,False,2016-03-10 20:09:34.380
761,81,True,2016-03-10 19:11:31.983
762,84,False,2016-03-10 19:08:01.887
763,78,True,2016-03-10 16:58:30.479
764,82,False,2016-03-10 16:56:25.194
765,75,True,2016-03-10 12:38:03.085
766,83,False,2016-03-10 12:35:09.989
767,77,True,2016-03-10 11:53:44.586
768,84,False,2016-03-10 11:48:49.980
769,80,True,2016-03-10 10:53:51.982
770,86,False,2016-03-10 10:51:23.783
771,75,True,2016-03-11 16:07:14.497
772,82,False,2016-03-11 16:04:15.084
773,76,True,2016-03-11 15:30:52.285
774,84,False,2016-03-11 15:26:20.983
775,76,True,2016-03-11 12:42:13.385
776,83,False,2016-03-11 12:36:51.682
777,79,True,2016-03-11 12:27:58.082
778,84,False,2016-03-11 12:24:14.679
779,78,True,2016-03-12 08:27:17.977
780,84,False,2016-03-12 08:23:09.494
781,84,True,2016-03-12 08:18:42.892
782,90,False,2016-03-12 08:15:36.891
783,83,True,2016-03-12 05:52:29.897
784,92,False,2016-03-12 05:48:21.687
785,75,True,2016-03-14 17:38:34.775
786,83,False,2016-03-14 17:36:20.178
787,75,True,2016-03-14 15:21:54.090
788,83,False,2016-03-14 15:19:04.289
789,75,True,2016-03-14 14:57:39.290
790,83,False,2016-03-14 14:54:47.295
791,76,True,2016-03-14 13:56:36.396
792,84,False,2016-03-14 13:53:19.289
793,77,True,2016-03-14 13:05:44.890
794,83,False,2016-03-14 13:02:56.287
795,82,True,2016-03-14 12:32:51.398
796,86,False,2016-03-14 12:29:08.592
797,83,True,2016-03-15 20:34:15.884
798,85,False,2016-03-15 20:30:49.381
799,81,True,2016-03-15 16:26:32.473
800,85,False,2016-03-15 16:22:00.394
801,78,True,2016-03-15 11:25:32.583
802,86,False,2016-03-15 11:22:02.275
803,75,True,2016-03-16 16:41:18.688
804,84,False,2016-03-16 16:38:19.200
805,75,True,2016-03-16 15:00:17.374
806,83,False,2016-03-16 14:56:55.682
807,80,True,2016-03-16 14:39:47.287
808,85,False,2016-03-16 14:36:43.990
809,76,True,2016-03-16 10:55:34.584
810,84,False,2016-03-16 10:52:34.599
811,77,True,2016-03-16 10:07:50.079
812,86,False,2016-03-16 10:04:49.682
813,78,True,2016-03-16 07:51:20.076
814,86,False,2016-03-16 07:48:36.078
815,83,True,2016-03-16 06:41:34.882
816,89,False,2016-03-16 06:38:31.776
817,74,True,2016-03-17 16:09:12.192
818,83,False,2016-03-17 16:06:22.890
819,76,True,2016-03-17 13:11:41.984
820,82,False,2016-03-17 13:09:27.583
821,76,True,2016-03-17 12:59:12.280
822,84,False,2016-03-17 12:56:41.777
823,76,True,2016-03-18 16:31:03.777
824,83,False,2016-03-18 16:27:19.997
825,76,True,2016-03-18 16:10:17.787
826,84,False,2016-03-18 16:05:56.388
827,76,True,2016-03-18 12:28:37.186
828,82,False,2016-03-18 12:26:00.092
829,77,True,2016-03-18 12:21:30.586
830,83,False,2016-03-18 12:19:06.584
831,78,True,2016-03-18 12:16:13.376
832,86,False,2016-03-18 12:08:50.976
833,83,True,2016-03-18 10:42:42.189
834,88,False,2016-03-18 10:40:13.277
835,85,True,2016-03-19 20:24:48.783
836,85,False,2016-03-19 20:23:21.482
837,77,True,2016-03-19 09:36:12.196
838,84,False,2016-03-19 09:33:20.991
839,82,True,2016-03-19 08:43:06.084
840,85,False,2016-03-19 08:39:43.388
841,81,True,2016-03-21 18:01:56.979
842,83,False,2016-03-21 17:57:48.282
843,79,True,2016-03-21 13:26:20.590
844,83,False,2016-03-21 13:23:38.587
845,75,True,2016-03-21 11:20:55.781
846,83,False,2016-03-21 11:17:49.879
847,79,True,2016-03-21 09:56:54.580
848,85,False,2016-03-21 09:52:25.782
849,80,True,2016-03-22 20:08:51.386
850,84,False,2016-03-22 20:04:58.681
851,74,True,2016-03-22 15:07:02.297
852,82,False,2016-03-22 15:04:33.694
853,74,True,2016-03-22 14:19:12.684
854,82,False,2016-03-22 14:16:20.886
855,74,True,2016-03-22 14:03:09.183
856,83,False,2016-03-22 14:00:47.984
857,79,True,2016-03-22 13:57:39.085
858,83,False,2016-03-22 13:54:14.585
859,75,True,2016-03-22 11:18:49.084
860,83,False,2016-03-22 11:10:34.983
861,79,True,2016-03-22 09:44:44.482
862,84,False,2016-03-22 09:43:12.384
863,79,True,2016-03-23 19:15:25.190
864,83,False,2016-03-23 19:12:51.601
865,74,True,2016-03-23 14:38:37.280
866,82,False,2016-03-23 14:35:21.383
867,74,True,2016-03-23 13:58:47.180
868,82,False,2016-03-23 13:56:35.183
869,74,True,2016-03-23 13:02:43.178
870,82,False,2016-03-23 12:58:08.085
871,75,True,2016-03-23 12:11:46.996
872,82,False,2016-03-23 12:08:40.100
873,75,True,2016-03-23 11:11:15.201
874,83,False,2016-03-23 11:07:03.077
875,76,True,2016-03-23 09:43:47.990
876,82,False,2016-03-23 09:40:23.198
877,80,True,2016-03-23 09:23:56.397
878,85,False,2016-03-23 09:21:15.891
879,78,True,2016-03-24 17:02:42.298
880,82,False,2016-03-24 16:58:57.397
881,78,True,2016-03-24 15:47:32.182
882,83,False,2016-03-24 15:44:15.380
883,75,True,2016-03-24 12:46:10.178
884,82,False,2016-03-24 12:38:15.094
885,74,True,2016-03-24 11:35:55.298
886,83,False,2016-03-24 11:30:54.886
887,75,True,2016-03-24 10:14:56.776
888,82,False,2016-03-24 10:11:26.188
889,75,True,2016-03-24 09:45:17.676
890,82,False,2016-03-24 09:41:31.680
891,86,True,2016-03-24 09:35:18.779
892,85,False,2016-03-24 09:32:08.683
893,82,True,2016-03-25 20:44:57.393
894,84,False,2016-03-25 20:40:36.995
895,79,True,2016-03-25 17:10:19.284
896,84,False,2016-03-25 17:07:58.676
897,73,True,2016-03-25 14:39:52.478
898,83,False,2016-03-25 14:36:58.584
899,74,True,2016-03-25 13:51:10.294
900,84,False,2016-03-25 13:48:06.687
901,75,True,2016-03-25 12:40:44.785
902,81,False,2016-03-25 12:38:18.194
903,75,True,2016-03-25 12:29:14.895
904,83,False,2016-03-25 12:26:33.395
905,75,True,2016-03-25 11:27:26.793
906,82,False,2016-03-25 11:25:03.088
907,74,True,2016-03-25 10:53:23.085
908,82,False,2016-03-25 10:50:37.781
909,78,True,2016-03-25 10:44:05.383
910,83,False,2016-03-25 10:41:59.478
911,82,True,2016-03-25 09:42:45.875
912,84,False,2016-03-25 09:39:00.287
913,85,True,2016-03-25 05:03:47.387
914,84,False,2016-03-25 04:59:58.586
915,75,True,2016-03-26 10:55:53.783
916,82,False,2016-03-26 10:54:07.982
917,75,True,2016-03-26 10:39:26.479
918,82,False,2016-03-26 10:36:53.682
919,81,True,2016-03-28 10:23:53.484
920,82,False,2016-03-28 10:19:25.876
921,78,True,2016-03-29 18:53:13.993
922,82,False,2016-03-29 18:49:30.491
923,75,True,2016-03-29 13:32:18.995
924,82,False,2016-03-29 13:24:03.881
925,78,True,2016-03-29 12:58:58.795
926,83,False,2016-03-29 12:55:48.779
927,79,True,2016-03-29 09:51:09.097
928,86,False,2016-03-29 09:48:28.980
929,73,True,2016-03-30 17:49:45.497
930,81,False,2016-03-30 17:47:25.290
931,73,True,2016-03-30 17:38:26.300
932,82,False,2016-03-30 17:34:49.885
933,77,True,2016-03-30 16:57:43.679
934,82,False,2016-03-30 16:54:16.898
935,74,True,2016-03-30 14:52:10.580
936,81,False,2016-03-30 14:49:39.186
937,74,True,2016-03-30 14:11:33.582
938,82,False,2016-03-30 14:09:05.783
939,74,True,2016-03-30 13:15:59.888
940,81,False,2016-03-30 13:11:37.475
941,75,True,2016-03-30 13:05:09.886
942,81,False,2016-03-30 13:03:35.179
943,78,True,2016-03-30 12:58:00.878
944,83,False,2016-03-30 12:54:40.981
945,80,True,2016-03-30 11:36:54.481
946,83,False,2016-03-30 11:32:12.874
947,83,True,2016-03-30 08:32:50.093
948,84,False,2016-03-30 08:30:28.899
949,81,True,2016-03-31 21:19:05.584
950,83,False,2016-03-31 21:12:41.185
951,77,True,2016-03-31 15:49:07.893
952,82,False,2016-03-31 15:46:19.194
953,74,True,2016-03-31 13:07:32.280
954,82,False,2016-03-31 13:04:14.484
955,74,True,2016-03-31 11:44:41.188
956,82,False,2016-03-31 11:42:17.695
957,75,True,2016-03-31 11:19:16.997
958,82,False,2016-03-31 11:15:17.697
959,74,True,2016-03-31 11:01:42.682
960,82,False,2016-03-31 10:59:41.587
961,76,True,2016-03-31 10:15:07.700
962,84,False,2016-03-31 10:11:55.591
963,74,True,2016-04-01 20:30:41.599
964,81,False,2016-04-01 20:27:33.678
965,77,True,2016-04-01 19:50:25.378
966,82,False,2016-04-01 19:47:44.574
967,74,True,2016-04-01 17:30:46.391
968,81,False,2016-04-01 17:28:12.595
969,77,True,2016-04-01 17:00:05.098
970,82,False,2016-04-01 16:57:39.687
971,74,True,2016-04-01 13:22:57.779
972,81,False,2016-04-01 13:16:41.385
973,74,True,2016-04-01 12:40:16.085
974,81,False,2016-04-01 12:36:29.176
975,74,True,2016-04-01 11:05:33.100
976,82,False,2016-04-01 11:01:06.188
977,75,True,2016-04-01 09:58:14.687
978,83,False,2016-04-01 09:51:04.294
979,79,True,2016-04-01 08:26:53.079
980,87,False,2016-04-01 08:24:14.688
981,74,True,2016-04-01 20:30:41.599
982,81,False,2016-04-01 20:27:33.678
983,77,True,2016-04-01 19:50:25.378
984,82,False,2016-04-01 19:47:44.574
985,74,True,2016-04-01 17:30:46.391
986,81,False,2016-04-01 17:28:12.595
987,77,True,2016-04-01 17:00:05.098
988,82,False,2016-04-01 16:57:39.687
989,74,True,2016-04-01 13:22:57.779
990,81,False,2016-04-01 13:16:41.385
991,74,True,2016-04-01 12:40:16.085
992,81,False,2016-04-01 12:36:29.176
993,74,True,2016-04-01 11:05:33.100
994,82,False,2016-04-01 11:01:06.188
995,75,True,2016-04-01 09:58:14.687
996,83,False,2016-04-01 09:51:04.294
997,79,True,2016-04-01 08:26:53.079
998,87,False,2016-04-01 08:24:14.688
999,75,True,2016-04-02 06:53:24.287
1000,83,False,2016-04-02 06:49:01.482
1001,73,True,2016-04-04 16:49:24.294
1002,81,False,2016-04-04 16:43:08.996
1003,74,True,2016-04-04 15:15:49.690
1004,81,False,2016-04-04 15:12:34.692
1005,74,True,2016-04-04 15:01:53.777
1006,82,False,2016-04-04 14:58:57.881
1007,74,True,2016-04-04 13:38:21.397
1008,81,False,2016-04-04 13:36:50.991
1009,80,True,2016-04-04 13:20:04.891
1010,82,False,2016-04-04 13:13:55.691
1011,74,True,2016-04-05 20:56:26.891
1012,82,False,2016-04-05 20:52:21.997
1013,78,True,2016-04-05 20:26:03.895
1014,83,False,2016-04-05 20:22:18.393
1015,73,True,2016-04-05 13:43:24.198
1016,81,False,2016-04-05 13:38:03.381
1017,76,True,2016-04-05 13:19:03.094
1018,82,False,2016-04-05 13:16:37.290
1019,74,True,2016-04-05 11:00:04.882
1020,82,False,2016-04-05 10:56:56.281
1021,74,True,2016-04-05 09:48:26.890
1022,83,False,2016-04-05 09:45:49.688
1023,78,True,2016-04-06 15:37:14.497
1024,83,False,2016-04-06 15:34:41.888
1025,74,True,2016-04-06 13:24:01.296
1026,81,False,2016-04-06 13:20:01.299
1027,78,True,2016-04-06 12:49:32.789
1028,82,False,2016-04-06 12:47:11.795
1029,80,True,2016-04-06 11:00:01.682
1030,82,False,2016-04-06 10:55:50.292
1031,82,True,2016-04-06 08:08:10.783
1032,84,False,2016-04-06 08:05:28.981
1033,74,True,2016-04-07 20:28:35.082
1034,82,False,2016-04-07 20:25:29.475
1035,74,True,2016-04-07 19:44:39.092
1036,81,False,2016-04-07 19:42:00.300
1037,80,True,2016-04-07 19:35:27.875
1038,83,False,2016-04-07 19:31:13.578
1039,80,True,2016-04-07 18:08:02.477
1040,83,False,2016-04-07 18:05:06.384
1041,75,True,2016-04-07 12:53:17.790
1042,83,False,2016-04-07 12:50:09.986
1043,78,True,2016-04-07 11:43:27.280
1044,83,False,2016-04-07 11:40:37.782
1045,75,True,2016-04-07 08:11:52.586
1046,83,False,2016-04-07 08:04:29.779
1047,76,True,2016-04-07 07:29:21.282
1048,84,False,2016-04-07 07:26:11.583
1049,77,True,2016-04-07 06:24:45.279
1050,85,False,2016-04-07 06:21:10.775
1051,74,True,2016-04-08 19:07:08.492
1052,81,False,2016-04-08 19:03:57.886
1053,75,True,2016-04-08 18:42:50.991
1054,81,False,2016-04-08 18:39:15.686
1055,79,True,2016-04-08 18:11:48.895
1056,82,False,2016-04-08 18:09:42.091
1057,75,True,2016-04-08 12:12:51.493
1058,82,False,2016-04-08 12:09:00.492
1059,74,True,2016-04-08 10:38:59.200
1060,82,False,2016-04-08 10:37:18.794
1061,80,True,2016-04-08 10:17:38.290
1062,84,False,2016-04-08 10:11:41.690
1063,85,True,2016-04-08 08:38:27.881
1064,86,False,2016-04-08 08:33:48.677
1065,75,True,2016-04-09 12:09:40.489
1066,82,False,2016-04-09 12:04:04.875
1067,82,True,2016-04-09 11:00:56.383
1068,83,False,2016-04-09 10:57:22.877
1069,79,True,2016-04-10 16:29:39.902
1070,82,False,2016-04-10 16:25:49.792
1071,84,True,2016-04-10 11:26:33.589
1072,83,False,2016-04-10 11:21:28.398
1073,74,True,2016-04-11 17:48:53.282
1074,80,False,2016-04-11 17:45:04.180
1075,74,True,2016-04-11 15:50:06.388
1076,80,False,2016-04-11 15:47:38.076
1077,74,True,2016-04-11 15:39:21.383
1078,80,False,2016-04-11 15:36:09.197
1079,74,True,2016-04-11 15:17:47.785
1080,81,False,2016-04-11 15:15:56.675
1081,74,True,2016-04-11 12:55:09.690
1082,81,False,2016-04-11 12:48:18.278
1083,75,True,2016-04-11 10:59:09.883
1084,81,False,2016-04-11 10:52:46.283
1085,77,True,2016-04-11 09:41:43.877
1086,82,False,2016-04-11 09:39:03.979
1087,82,True,2016-04-11 06:51:42.687
1088,83,False,2016-04-11 06:46:21.194
1089,74,True,2016-04-12 17:34:30.797
1090,81,False,2016-04-12 17:31:32.176
1091,74,True,2016-04-12 16:54:09.799
1092,81,False,2016-04-12 16:51:34.091
1093,73,True,2016-04-12 14:30:53.101
1094,80,False,2016-04-12 14:28:17.082
1095,73,True,2016-04-12 14:05:20.101
1096,81,False,2016-04-12 14:02:28.791
1097,74,True,2016-04-12 12:29:07.800
1098,81,False,2016-04-12 12:27:17.493
1099,74,True,2016-04-12 10:57:41.486
1100,81,False,2016-04-12 10:55:13.698
1101,75,True,2016-04-12 10:37:22.001
1102,81,False,2016-04-12 10:33:18.098
1103,81,True,2016-04-12 08:35:31.286
1104,83,False,2016-04-12 08:32:51.482
1105,75,True,2016-04-13 15:26:26.985
1106,81,False,2016-04-13 15:21:02.687
1107,74,True,2016-04-13 13:11:19.581
1108,82,False,2016-04-13 13:07:33.984
1109,74,True,2016-04-13 12:57:21.503
1110,82,False,2016-04-13 12:54:30.995
1111,75,True,2016-04-13 11:21:59.493
1112,81,False,2016-04-13 11:19:21.094
1113,74,True,2016-04-13 10:55:18.097
1114,82,False,2016-04-13 10:53:04.591
1115,80,True,2016-04-13 10:28:57.392
1116,84,False,2016-04-13 10:26:02.492
1117,87,True,2016-04-13 06:44:19.980
1118,86,False,2016-04-13 06:39:05.782
1119,78,True,2016-04-14 21:44:24.283
1120,82,False,2016-04-14 21:41:00.678
1121,74,True,2016-04-14 14:20:58.578
1122,81,False,2016-04-14 14:18:10.993
1123,74,True,2016-04-14 13:59:40.981
1124,81,False,2016-04-14 13:56:11.484
1125,74,True,2016-04-14 13:06:26.078
1126,81,False,2016-04-14 13:04:24.378
1127,75,True,2016-04-14 10:34:32.797
1128,81,False,2016-04-14 10:33:00.577
1129,75,True,2016-04-14 09:38:17.996
1130,81,False,2016-04-14 09:34:35.195
1131,82,True,2016-04-14 09:15:10.585
1132,84,False,2016-04-14 09:07:11.593
1133,74,True,2016-04-15 15:12:05.883
1134,81,False,2016-04-15 15:06:11.475
1135,74,True,2016-04-15 14:40:59.078
1136,82,False,2016-04-15 14:35:35.684
1137,74,True,2016-04-15 12:24:44.193
1138,80,False,2016-04-15 12:22:20.000
1139,74,True,2016-04-15 11:47:13.399
1140,81,False,2016-04-15 11:44:35.394
1141,75,True,2016-04-15 11:19:00.399
1142,82,False,2016-04-15 11:17:33.389
1143,75,True,2016-04-15 09:11:06.885
1144,81,False,2016-04-15 09:09:23.381
1145,79,True,2016-04-15 08:56:09.284
1146,83,False,2016-04-15 08:53:10.783
1147,83,True,2016-04-15 06:40:01.579
1148,83,False,2016-04-15 06:37:24.482
1149,73,True,2016-04-16 12:55:03.186
1150,81,False,2016-04-16 12:52:42.387
1151,78,True,2016-04-16 12:28:32.083
1152,82,False,2016-04-16 12:26:12.787
1153,85,True,2016-04-16 08:09:19.790
1154,82,False,2016-04-16 08:07:23.186
1155,79,True,2016-04-17 13:42:04.878
1156,82,False,2016-04-17 13:40:17.178
1157,79,True,2016-04-18 19:05:30.685
1158,82,False,2016-04-18 19:02:30.286
1159,74,True,2016-04-18 16:15:52.388
1160,82,False,2016-04-18 16:12:52.989
1161,74,True,2016-04-18 13:10:57.494
1162,81,False,2016-04-18 13:05:48.590
1163,75,True,2016-04-18 12:31:14.682
1164,82,False,2016-04-18 12:27:45.489
1165,74,True,2016-04-18 10:18:53.086
1166,82,False,2016-04-18 10:16:26.683
1167,80,True,2016-04-18 09:57:58.377
1168,83,False,2016-04-18 09:53:08.280
1169,87,True,2016-04-18 06:55:11.897
1170,87,False,2016-04-18 06:48:55.285
1171,74,True,2016-04-19 20:43:53.883
1172,81,False,2016-04-19 20:40:48.692
1173,78,True,2016-04-19 20:28:29.298
1174,81,False,2016-04-19 20:25:46.298
1175,74,True,2016-04-19 16:58:42.683
1176,81,False,2016-04-19 16:54:10.077
1177,74,True,2016-04-19 15:44:43.477
1178,81,False,2016-04-19 15:41:23.582
1179,79,True,2016-04-19 15:31:22.883
1180,81,False,2016-04-19 15:26:46.178
1181,78,True,2016-04-19 12:07:41.681
1182,82,False,2016-04-19 12:05:18.280
1183,81,True,2016-04-19 09:31:46.380
1184,83,False,2016-04-19 09:27:50.280
1185,74,True,2016-04-20 17:22:45.848
1186,81,False,2016-04-20 17:18:30.746
1187,74,True,2016-04-20 16:15:40.144
1188,81,False,2016-04-20 16:11:58.146
1189,74,True,2016-04-20 15:06:47.640
1190,82,False,2016-04-20 15:03:32.931
1191,74,True,2016-04-20 13:20:27.093
1192,81,False,2016-04-20 13:16:32.474
1193,75,True,2016-04-20 12:21:59.798
1194,82,False,2016-04-20 12:18:58.890
1195,75,True,2016-04-20 11:14:38.595
1196,81,False,2016-04-20 11:12:41.196
1197,81,True,2016-04-20 10:24:13.095
1198,83,False,2016-04-20 10:21:26.799
1199,73,True,2016-04-21 18:34:12.235
1200,81,False,2016-04-21 18:31:06.339
1201,74,True,2016-04-21 17:44:04.841
1202,81,False,2016-04-21 17:41:44.248
1203,73,True,2016-04-21 13:11:07.142
1204,82,False,2016-04-21 13:07:01.837
1205,74,True,2016-04-21 12:22:49.733
1206,81,False,2016-04-21 12:20:41.536
1207,73,True,2016-04-21 11:40:21.046
1208,81,False,2016-04-21 11:36:39.046
1209,74,True,2016-04-21 11:33:35.640
1210,81,False,2016-04-21 11:30:21.237
1211,75,True,2016-04-21 11:07:47.748
1212,81,False,2016-04-21 11:05:25.453
1213,74,True,2016-04-21 10:42:49.048
1214,81,False,2016-04-21 10:40:02.053
1215,75,True,2016-04-21 09:31:05.335
1216,82,False,2016-04-21 09:28:30.738
1217,83,True,2016-04-21 09:12:18.133
1218,84,False,2016-04-21 09:08:39.838
1219,74,True,2016-04-22 17:34:27.948
1220,81,False,2016-04-22 17:31:46.553
1221,75,True,2016-04-22 16:19:39.648
1222,81,False,2016-04-22 16:17:02.154
1223,74,True,2016-04-22 13:13:17.548
1224,81,False,2016-04-22 13:10:56.652
1225,74,True,2016-04-22 12:41:31.149
1226,81,False,2016-04-22 12:37:33.045
1227,74,True,2016-04-22 11:09:07.135
1228,81,False,2016-04-22 11:06:29.535
1229,74,True,2016-04-22 10:37:10.030
1230,81,False,2016-04-22 10:34:38.234
1231,74,True,2016-04-22 10:08:54.449
1232,82,False,2016-04-22 10:06:21.335
1233,75,True,2016-04-22 08:54:08.152
1234,83,False,2016-04-22 08:50:44.945
1235,74,True,2016-04-22 07:19:17.350
1236,82,False,2016-04-22 07:15:17.649
1237,74,True,2016-04-22 06:47:36.445
1238,82,False,2016-04-22 06:45:45.945
1239,84,True,2016-04-22 06:31:39.337
1240,84,False,2016-04-22 06:28:47.845
1241,78,True,2016-04-23 11:49:19.035
1242,82,False,2016-04-23 11:42:47.335
1243,79,True,2016-04-23 09:42:10.233
1244,82,False,2016-04-23 09:39:00.639
1245,84,True,2016-04-23 08:29:03.635
1246,84,False,2016-04-23 08:26:26.636
1247,75,True,2016-04-24 13:55:47.632
1248,83,False,2016-04-24 13:52:40.839
1249,82,True,2016-04-24 13:32:43.648
1250,83,False,2016-04-24 13:30:26.046
1251,79,True,2016-04-25 16:17:25.247
1252,84,False,2016-04-25 16:14:41.947
1253,76,True,2016-04-25 13:10:41.437
1254,82,False,2016-04-25 13:08:09.334
1255,76,True,2016-04-25 10:12:20.741
1256,83,False,2016-04-25 10:08:18.552
1257,83,True,2016-04-25 09:32:36.951
1258,86,False,2016-04-25 09:30:19.752
1259,80,True,2016-04-26 21:49:23.042
1260,85,False,2016-04-26 21:46:33.336
1261,79,True,2016-04-26 16:20:42.137
1262,86,False,2016-04-26 16:17:06.930
1263,75,True,2016-04-26 13:27:09.348
1264,85,False,2016-04-26 13:24:45.346
1265,75,True,2016-04-26 11:46:39.049
1266,82,False,2016-04-26 11:44:20.052
1267,75,True,2016-04-26 11:41:04.350
1268,83,False,2016-04-26 11:37:58.648
1269,153,False,2016-04-26 11:28:37.438
1270,156,False,2016-04-26 10:55:00.743
1271,81,True,2016-04-26 09:28:04.630
1272,87,False,2016-04-26 09:25:58.537
1273,86,True,2016-04-26 07:53:42.652
1274,88,False,2016-04-26 07:48:54.653
1275,74,True,2016-04-27 16:20:41.442
1276,83,False,2016-04-27 16:13:39.343
1277,74,True,2016-04-27 15:21:55.127
1278,84,False,2016-04-27 15:16:59.534
1279,74,True,2016-04-27 14:02:45.249
1280,83,False,2016-04-27 14:00:48.745
1281,75,True,2016-04-27 13:39:50.142
1282,84,False,2016-04-27 13:36:03.349
1283,75,True,2016-04-27 13:02:41.846
1284,84,False,2016-04-27 13:00:49.451
1285,75,True,2016-04-27 11:23:07.435
1286,85,False,2016-04-27 11:20:49.737
1287,76,True,2016-04-27 09:31:34.343
1288,83,False,2016-04-27 09:28:39.645
1289,77,True,2016-04-27 09:04:29.952
1290,84,False,2016-04-27 09:01:04.748
1291,82,True,2016-04-27 08:30:36.149
1292,86,False,2016-04-27 08:28:03.549
1293,76,True,2016-04-28 18:26:19.847
1294,82,False,2016-04-28 18:23:09.553
1295,74,True,2016-04-28 17:32:30.453
1296,82,False,2016-04-28 17:28:53.852
1297,78,True,2016-04-28 16:52:46.744
1298,82,False,2016-04-28 16:51:12.344
1299,73,True,2016-04-28 14:56:06.154
1300,81,False,2016-04-28 14:53:16.549
1301,74,True,2016-04-28 14:45:36.335
1302,81,False,2016-04-28 14:41:49.242
1303,74,True,2016-04-28 14:17:18.038
1304,81,False,2016-04-28 14:15:24.440
1305,74,True,2016-04-28 13:52:17.533
1306,81,False,2016-04-28 13:47:28.039
1307,74,True,2016-04-28 13:33:33.349
1308,82,False,2016-04-28 13:30:58.050
1309,74,True,2016-04-28 12:10:57.137
1310,82,False,2016-04-28 12:08:09.932
1311,75,True,2016-04-28 11:58:30.447
1312,82,False,2016-04-28 11:54:58.435
1313,75,True,2016-04-28 11:16:28.634
1314,83,False,2016-04-28 11:13:53.634
1315,76,True,2016-04-28 09:51:38.931
1316,82,False,2016-04-28 09:48:21.940
1317,79,True,2016-04-28 09:38:05.039
1318,84,False,2016-04-28 09:36:20.938
1319,85,True,2016-04-28 07:52:18.534
1320,87,False,2016-04-28 07:48:08.036
1321,75,True,2016-04-29 20:35:38.036
1322,82,False,2016-04-29 20:32:26.539
1323,80,True,2016-04-29 19:44:00.050
1324,83,False,2016-04-29 19:40:06.938
1325,75,True,2016-04-29 15:36:43.134
1326,82,False,2016-04-29 15:34:14.732
1327,78,True,2016-04-29 13:55:31.633
1328,82,False,2016-04-29 13:52:50.937
1329,74,True,2016-04-29 12:10:40.236
1330,82,False,2016-04-29 12:07:38.335
1331,75,True,2016-04-29 11:29:40.952
1332,82,False,2016-04-29 11:26:31.041
1333,75,True,2016-04-29 10:45:44.144
1334,40,False,2016-04-29 10:44:52.139
1335,19,True,2016-04-29 10:43:59.042
1336,82,False,2016-04-29 10:41:42.045
1337,75,True,2016-04-29 09:45:32.431
1338,82,False,2016-04-29 09:43:38.537
1339,75,True,2016-04-29 09:27:53.542
1340,83,False,2016-04-29 09:25:25.848
1341,82,True,2016-04-29 08:41:38.438
1342,84,False,2016-04-29 08:39:03.341
1343,78,True,2016-04-30 10:42:01.642
1344,82,False,2016-04-30 10:39:48.235
1345,82,True,2016-04-30 09:11:06.337
1346,83,False,2016-04-30 09:05:13.239
1347,74,True,2016-05-01 14:08:19.541
1348,81,False,2016-05-01 14:05:15.540
1349,75,True,2016-05-01 13:20:26.950
1350,81,False,2016-05-01 13:18:10.056
1351,75,True,2016-05-01 12:30:10.336
1352,82,False,2016-05-01 12:27:50.041
1353,78,True,2016-05-01 11:07:29.137
1354,83,False,2016-05-01 11:05:23.732
1355,84,True,2016-05-01 09:40:26.642
1356,84,False,2016-05-01 09:37:50.437
1357,74,True,2016-05-02 15:06:46.951
1358,81,False,2016-05-02 15:03:58.954
1359,74,True,2016-05-02 12:54:50.350
1360,80,False,2016-05-02 12:46:37.055
1361,74,True,2016-05-02 11:12:36.549
1362,81,False,2016-05-02 11:09:54.648
1363,74,True,2016-05-02 11:05:49.039
1364,81,False,2016-05-02 11:03:33.537
1365,81,True,2016-05-02 10:38:13.840
1366,82,False,2016-05-02 10:31:38.933
1367,77,True,2016-05-03 20:21:55.046
1368,81,False,2016-05-03 20:18:30.339
1369,73,True,2016-05-03 16:14:34.537
1370,81,False,2016-05-03 16:12:18.031
1371,73,True,2016-05-03 15:21:21.033
1372,81,False,2016-05-03 15:18:37.434
1373,73,True,2016-05-03 15:05:19.240
1374,81,False,2016-05-03 15:03:06.340
1375,73,True,2016-05-03 14:30:24.442
1376,81,False,2016-05-03 14:28:16.041
1377,74,True,2016-05-03 12:55:03.547
1378,81,False,2016-05-03 12:53:31.651
1379,74,True,2016-05-03 12:45:13.854
1380,82,False,2016-05-03 12:43:11.555
1381,74,True,2016-05-03 11:27:01.747
1382,82,False,2016-05-03 11:25:06.850
1383,74,True,2016-05-03 11:00:57.232
1384,82,False,2016-05-03 10:59:18.241
1385,74,True,2016-05-03 10:17:18.952
1386,82,False,2016-05-03 10:14:23.652
1387,74,True,2016-05-03 09:53:32.335
1388,82,False,2016-05-03 09:51:27.538
1389,75,True,2016-05-03 09:18:48.951
1390,82,False,2016-05-03 09:15:04.848
1391,78,True,2016-05-03 08:51:21.032
1392,83,False,2016-05-03 08:48:14.750
1393,83,True,2016-05-03 07:32:48.935
1394,84,False,2016-05-03 07:29:13.536
1395,78,True,2016-05-04 21:05:30.747
1396,81,False,2016-05-04 21:03:58.051
1397,74,True,2016-05-04 15:35:20.354
1398,81,False,2016-05-04 15:33:06.443
1399,75,True,2016-05-04 15:11:56.837
1400,81,False,2016-05-04 15:08:55.535
1401,74,True,2016-05-04 11:56:47.152
1402,80,False,2016-05-04 11:54:20.044
1403,75,True,2016-05-04 11:18:23.735
1404,81,False,2016-05-04 11:15:35.041
1405,80,True,2016-05-04 10:53:26.849
1406,81,False,2016-05-04 10:50:06.431
1407,74,True,2016-05-05 16:11:38.834
1408,81,False,2016-05-05 16:09:40.237
1409,74,True,2016-05-05 15:59:10.638
1410,81,False,2016-05-05 15:57:17.730
1411,74,True,2016-05-05 13:26:44.137
1412,81,False,2016-05-05 13:24:28.535
1413,74,True,2016-05-05 12:41:48.934
1414,81,False,2016-05-05 12:39:01.434
1415,74,True,2016-05-05 10:34:23.345
1416,81,False,2016-05-05 10:31:44.549
1417,74,True,2016-05-05 09:44:18.139
1418,81,False,2016-05-05 09:41:50.036
1419,74,True,2016-05-05 09:17:06.038
1420,81,False,2016-05-05 09:12:18.630
1421,75,True,2016-05-05 08:31:05.553
1422,82,False,2016-05-05 08:27:52.850
1423,83,True,2016-05-05 08:13:12.840
1424,83,False,2016-05-05 08:10:32.032
1425,73,True,2016-05-06 20:59:50.631
1426,82,False,2016-05-06 20:57:54.942
1427,73,True,2016-05-06 15:54:43.531
1428,82,False,2016-05-06 15:49:16.936
1429,73,True,2016-05-06 14:30:32.231
1430,81,False,2016-05-06 14:28:00.940
1431,73,True,2016-05-06 14:12:37.340
1432,81,False,2016-05-06 14:08:51.640
1433,73,True,2016-05-06 13:22:21.443
1434,80,False,2016-05-06 13:20:00.235
1435,74,True,2016-05-06 12:30:41.554
1436,80,False,2016-05-06 12:26:14.035
1437,74,True,2016-05-06 11:29:00.055
1438,81,False,2016-05-06 11:26:39.433
1439,79,True,2016-05-06 10:20:10.935
1440,81,False,2016-05-06 10:17:15.842
1441,74,True,2016-05-07 14:18:56.953
1442,81,False,2016-05-07 14:16:08.653
1443,73,True,2016-05-07 12:55:53.048
1444,80,False,2016-05-07 12:53:07.046
1445,73,True,2016-05-07 10:58:14.038
1446,81,False,2016-05-07 10:54:57.932
1447,74,True,2016-05-07 10:23:58.834
1448,80,False,2016-05-07 10:20:41.238
1449,75,True,2016-05-07 09:47:48.540
1450,80,False,2016-05-07 09:45:57.139
1451,83,True,2016-05-07 07:57:41.055
1452,82,False,2016-05-07 07:51:30.734
1453,73,True,2016-05-08 14:35:48.337
1454,81,False,2016-05-08 14:32:19.336
1455,73,True,2016-05-08 13:47:29.149
1456,81,False,2016-05-08 13:43:45.940
1457,73,True,2016-05-08 11:21:01.049
1458,80,False,2016-05-08 11:18:40.256
1459,78,True,2016-05-08 10:37:38.454
1460,81,False,2016-05-08 10:34:06.934
1461,73,True,2016-05-09 16:12:23.043
1462,81,False,2016-05-09 16:09:42.035
1463,74,True,2016-05-09 15:38:25.937
1464,81,False,2016-05-09 15:36:16.135
1465,73,True,2016-05-09 14:12:21.244
1466,81,False,2016-05-09 14:09:37.652
1467,73,True,2016-05-09 12:41:26.350
1468,81,False,2016-05-09 12:38:29.348
1469,74,True,2016-05-09 12:34:13.438
1470,81,False,2016-05-09 12:31:15.836
1471,73,True,2016-05-09 11:19:25.346
1472,80,False,2016-05-09 11:16:26.350
1473,78,True,2016-05-09 11:06:00.237
1474,80,False,2016-05-09 11:03:21.033
1475,73,True,2016-05-10 17:56:14.147
1476,81,False,2016-05-10 17:53:50.452
1477,74,True,2016-05-10 17:08:36.556
1478,81,False,2016-05-10 17:04:56.538
1479,78,True,2016-05-10 16:16:59.741
1480,80,False,2016-05-10 16:12:51.245
1481,77,True,2016-05-11 23:20:09.546
1482,81,False,2016-05-11 23:15:58.047
1483,73,True,2016-05-11 19:58:52.453
1484,82,False,2016-05-11 19:55:05.455
1485,74,True,2016-05-11 18:05:12.931
1486,82,False,2016-05-11 18:00:30.437
1487,73,True,2016-05-11 14:47:19.741
1488,81,False,2016-05-11 14:43:56.443
1489,68,True,2016-05-11 13:37:30.347
1490,81,False,2016-05-11 13:36:09.150
1491,74,True,2016-05-11 12:59:03.647
1492,81,False,2016-05-11 12:56:59.644
1493,74,True,2016-05-11 12:28:59.846
1494,82,False,2016-05-11 12:26:24.847
1495,73,True,2016-05-11 11:24:07.631
1496,81,False,2016-05-11 11:19:36.835
1497,74,True,2016-05-11 10:51:08.633
1498,81,False,2016-05-11 10:48:23.740
1499,74,True,2016-05-11 09:55:45.336
1500,81,False,2016-05-11 09:52:51.440
1501,78,True,2016-05-11 08:06:53.331
1502,81,False,2016-05-11 07:58:53.633
1503,80,True,2016-05-11 06:31:59.229
1504,82,False,2016-05-11 06:24:17.833
1505,73,True,2016-05-12 20:33:07.535
1506,82,False,2016-05-12 20:29:59.638
1507,73,True,2016-05-12 16:33:26.653
1508,81,False,2016-05-12 16:31:04.050
1509,74,True,2016-05-12 14:50:59.641
1510,81,False,2016-05-12 14:48:28.538
1511,73,True,2016-05-12 14:24:21.132
1512,81,False,2016-05-12 14:21:20.442
1513,74,True,2016-05-12 14:09:45.835
1514,81,False,2016-05-12 14:05:57.839
1515,74,True,2016-05-12 12:58:08.741
1516,81,False,2016-05-12 12:55:49.337
1517,74,True,2016-05-12 11:53:57.738
1518,82,False,2016-05-12 11:50:35.840
1519,74,True,2016-05-12 11:13:03.739
1520,81,False,2016-05-12 11:10:34.638
1521,73,True,2016-05-12 10:41:16.644
1522,81,False,2016-05-12 10:39:04.436
1523,78,True,2016-05-12 09:29:59.050
1524,81,False,2016-05-12 09:26:58.451
1525,77,True,2016-05-13 21:09:47.648
1526,82,False,2016-05-13 21:05:11.148
1527,73,True,2016-05-13 18:17:01.633
1528,82,False,2016-05-13 18:15:03.541
1529,73,True,2016-05-13 17:48:28.735
1530,82,False,2016-05-13 17:44:37.839
1531,73,True,2016-05-13 16:31:20.554
1532,81,False,2016-05-13 16:28:12.040
1533,74,True,2016-05-13 14:51:19.742
1534,82,False,2016-05-13 14:48:56.729
1535,73,True,2016-05-13 13:43:48.239
1536,81,False,2016-05-13 13:40:40.538
1537,74,True,2016-05-13 10:57:12.948
1538,81,False,2016-05-13 10:54:31.147
1539,73,True,2016-05-13 10:37:32.146
1540,81,False,2016-05-13 10:35:34.646
1541,74,True,2016-05-13 10:05:33.448
1542,81,False,2016-05-13 10:03:18.449
1543,81,True,2016-05-13 09:18:54.635
1544,82,False,2016-05-13 09:13:03.936
1545,73,True,2016-05-14 12:52:55.236
1546,82,False,2016-05-14 12:49:58.429
1547,77,True,2016-05-14 12:34:09.954
1548,82,False,2016-05-14 12:31:16.947
1549,78,True,2016-05-14 09:25:40.144
1550,82,False,2016-05-14 09:23:21.538
1551,84,True,2016-05-14 06:30:11.849
1552,83,False,2016-05-14 06:27:32.751
1553,75,True,2016-05-15 15:29:03.141
1554,82,False,2016-05-15 15:25:59.049
1555,77,True,2016-05-15 14:08:00.246
1556,82,False,2016-05-15 14:05:56.340
1557,78,True,2016-05-15 10:16:48.435
1558,82,False,2016-05-15 10:14:34.035
1559,80,True,2016-05-15 09:17:01.553
1560,83,False,2016-05-15 09:15:11.038
1561,78,True,2016-05-16 19:30:40.836
1562,82,False,2016-05-16 19:28:09.034
1563,75,True,2016-05-16 16:51:15.532
1564,82,False,2016-05-16 16:49:12.443
1565,75,True,2016-05-16 13:56:56.852
1566,82,False,2016-05-16 13:51:17.647
1567,74,True,2016-05-16 12:45:11.248
1568,81,False,2016-05-16 12:41:48.153
1569,74,True,2016-05-16 12:39:28.052
1570,81,False,2016-05-16 12:38:01.051
1571,75,True,2016-05-16 12:32:15.840
1572,81,False,2016-05-16 12:30:19.534
1573,74,True,2016-05-16 12:04:46.432
1574,81,False,2016-05-16 11:58:02.049
1575,79,True,2016-05-16 11:28:31.830
1576,83,False,2016-05-16 11:25:56.950
1577,83,True,2016-05-16 09:25:47.536
1578,84,False,2016-05-16 09:22:01.641
1579,75,True,2016-05-17 19:16:00.540
1580,82,False,2016-05-17 19:11:57.938
1581,73,True,2016-05-17 16:45:28.134
1582,81,False,2016-05-17 16:42:53.341
1583,73,True,2016-05-17 15:49:17.437
1584,81,False,2016-05-17 15:47:09.638
1585,74,True,2016-05-17 14:27:40.953
1586,81,False,2016-05-17 14:24:58.351
1587,74,True,2016-05-17 13:35:16.653
1588,81,False,2016-05-17 13:33:07.849
1589,73,True,2016-05-17 12:44:48.134
1590,81,False,2016-05-17 12:42:28.839
1591,74,True,2016-05-17 12:37:35.950
1592,81,False,2016-05-17 12:32:51.652
1593,74,True,2016-05-17 11:24:13.532
1594,82,False,2016-05-17 11:21:13.737
1595,81,True,2016-05-17 10:31:32.646
1596,82,False,2016-05-17 10:29:34.530
1597,73,True,2016-05-18 17:50:14.248
1598,81,False,2016-05-18 17:47:39.240
1599,73,True,2016-05-18 16:05:08.238
1600,81,False,2016-05-18 16:01:03.542
1601,74,True,2016-05-18 14:13:22.535
1602,81,False,2016-05-18 14:09:27.639
1603,74,True,2016-05-18 13:48:20.630
1604,81,False,2016-05-18 13:45:25.528
1605,78,True,2016-05-18 11:26:42.753
1606,81,False,2016-05-18 11:23:42.244
1607,83,True,2016-05-18 09:10:51.932
1608,82,False,2016-05-18 09:07:55.641
1609,77,True,2016-05-19 21:35:25.241
1610,82,False,2016-05-19 21:31:24.729
1611,73,True,2016-05-19 19:33:12.430
1612,82,False,2016-05-19 19:28:50.936
1613,73,True,2016-05-19 18:02:10.235
1614,81,False,2016-05-19 17:58:43.337
1615,73,True,2016-05-19 16:59:36.339
1616,81,False,2016-05-19 16:55:26.440
1617,73,True,2016-05-19 13:37:53.036
1618,81,False,2016-05-19 13:35:02.643
1619,74,True,2016-05-19 12:38:26.840
1620,81,False,2016-05-19 12:35:16.440
1621,74,True,2016-05-19 12:04:39.039
1622,81,False,2016-05-19 11:58:01.438
1623,74,True,2016-05-19 09:30:43.831
1624,81,False,2016-05-19 09:28:37.836
1625,74,True,2016-05-19 09:14:01.151
1626,81,False,2016-05-19 09:11:06.335
1627,75,True,2016-05-19 08:42:45.051
1628,82,False,2016-05-19 08:40:15.452
1629,84,True,2016-05-19 07:57:17.640
1630,83,False,2016-05-19 07:54:19.553
1631,73,True,2016-05-20 19:34:12.049
1632,81,False,2016-05-20 19:31:48.845
1633,74,True,2016-05-20 18:06:10.631
1634,81,False,2016-05-20 18:04:08.830
1635,74,True,2016-05-20 17:16:18.536
1636,81,False,2016-05-20 17:13:42.533
1637,73,True,2016-05-20 15:37:33.038
1638,82,False,2016-05-20 15:31:57.652
1639,74,True,2016-05-20 14:04:54.834
1640,81,False,2016-05-20 14:03:08.053
1641,74,True,2016-05-20 13:07:11.935
1642,82,False,2016-05-20 13:04:59.756
1643,74,True,2016-05-20 12:54:59.633
1644,81,False,2016-05-20 12:52:33.533
1645,74,True,2016-05-20 12:12:36.654
1646,97,True,2016-05-20 12:10:40.351
1647,81,False,2016-05-20 12:08:15.341
1648,74,True,2016-05-20 11:32:54.830
1649,81,False,2016-05-20 11:30:10.343
1650,74,True,2016-05-20 10:28:13.149
1651,82,False,2016-05-20 10:26:28.352
1652,78,True,2016-05-20 09:16:02.242
1653,81,False,2016-05-20 09:11:32.347
1654,75,True,2016-05-20 06:54:14.337
1655,81,False,2016-05-20 06:51:35.435
1656,82,True,2016-05-20 06:04:10.136
1657,83,False,2016-05-20 06:01:19.638
1658,74,True,2016-05-21 13:42:44.433
1659,80,False,2016-05-21 13:40:40.248
1660,74,True,2016-05-21 13:01:17.651
1661,81,False,2016-05-21 12:58:38.648
1662,74,True,2016-05-21 11:15:08.837
1663,81,False,2016-05-21 11:13:14.447
1664,78,True,2016-05-21 10:39:08.744
1665,81,False,2016-05-21 10:36:42.649
1666,77,True,2016-05-22 14:02:05.040
1667,81,False,2016-05-22 14:00:18.331
1668,79,True,2016-05-22 11:32:14.141
1669,80,False,2016-05-22 11:29:13.030
1670,79,True,2016-05-23 21:00:42.845
1671,83,False,2016-05-23 20:57:21.648
1672,78,True,2016-05-23 17:02:28.952
1673,83,False,2016-05-23 16:59:29.457
1674,73,True,2016-05-23 12:47:34.738
1675,83,False,2016-05-23 12:44:45.130
1676,74,True,2016-05-23 12:00:40.739
1677,82,False,2016-05-23 11:56:39.440
1678,73,True,2016-05-23 11:52:24.237
1679,83,False,2016-05-23 11:47:12.542
1680,74,True,2016-05-23 10:27:21.249
1681,83,False,2016-05-23 10:24:45.954
1682,150,False,2016-05-23 10:04:46.152
1683,83,True,2016-05-23 10:02:09.634
1684,83,False,2016-05-23 09:54:40.642
1685,74,True,2016-05-24 19:00:05.847
1686,81,False,2016-05-24 18:56:25.442
1687,74,True,2016-05-24 17:50:25.831
1688,81,False,2016-05-24 17:46:50.333
1689,74,True,2016-05-24 17:25:17.841
1690,81,False,2016-05-24 17:22:41.538
1691,74,True,2016-05-24 16:53:40.440
1692,81,False,2016-05-24 16:49:41.037
1693,74,True,2016-05-24 13:26:11.647
1694,81,False,2016-05-24 13:23:34.648
1695,74,True,2016-05-24 12:52:43.549
1696,81,False,2016-05-24 12:50:11.333
1697,74,True,2016-05-24 12:22:11.556
1698,81,False,2016-05-24 12:20:19.750
1699,78,True,2016-05-24 11:41:36.451
1700,82,False,2016-05-24 11:39:32.246
1701,75,True,2016-05-24 07:33:22.043
1702,82,False,2016-05-24 07:30:09.537
1703,80,True,2016-05-24 06:08:58.934
1704,83,False,2016-05-24 06:05:25.438
1705,77,True,2016-05-25 18:48:09.332
1706,82,False,2016-05-25 18:44:11.941
1707,75,True,2016-05-25 14:24:54.131
1708,81,False,2016-05-25 14:19:32.432
1709,74,True,2016-05-25 11:00:47.050
1710,82,False,2016-05-25 10:57:56.748
1711,79,True,2016-05-25 10:08:42.435
1712,82,False,2016-05-25 10:05:18.730
1713,81,True,2016-05-25 07:03:42.036
1714,82,False,2016-05-25 06:59:20.241
1715,73,True,2016-05-26 19:06:41.346
1716,82,False,2016-05-26 19:03:50.750
1717,73,True,2016-05-26 18:13:12.040
1718,81,False,2016-05-26 18:09:35.051
1719,73,True,2016-05-26 16:52:21.239
1720,81,False,2016-05-26 16:48:51.240
1721,73,True,2016-05-26 14:12:55.237
1722,81,False,2016-05-26 14:08:43.150
1723,73,True,2016-05-26 13:56:44.045
1724,82,False,2016-05-26 13:53:55.935
1725,73,True,2016-05-26 13:36:58.243
1726,81,False,2016-05-26 13:34:49.549
1727,74,True,2016-05-26 13:28:36.650
1728,81,False,2016-05-26 13:25:28.750
1729,73,True,2016-05-26 11:42:36.250
1730,81,False,2016-05-26 11:39:37.546
1731,73,True,2016-05-26 10:46:43.259
1732,80,False,2016-05-26 10:44:43.049
1733,74,True,2016-05-26 09:44:59.647
1734,80,False,2016-05-26 09:43:08.244
1735,75,True,2016-05-26 09:26:50.844
1736,82,False,2016-05-26 09:23:40.842
1737,79,True,2016-05-26 08:15:50.437
1738,82,False,2016-05-26 08:12:41.540
1739,84,True,2016-05-26 06:33:44.841
1740,83,False,2016-05-26 06:29:40.039
1741,74,True,2016-05-27 21:42:58.553
1742,81,False,2016-05-27 21:40:27.049
1743,73,True,2016-05-27 16:12:41.235
1744,81,False,2016-05-27 16:10:37.437
1745,73,True,2016-05-27 15:55:37.436
1746,81,False,2016-05-27 15:52:35.934
1747,74,True,2016-05-27 15:07:40.850
1748,81,False,2016-05-27 15:03:19.554
1749,73,True,2016-05-27 13:52:32.340
1750,81,False,2016-05-27 13:49:40.631
1751,73,True,2016-05-27 11:27:55.239
1752,81,False,2016-05-27 11:25:26.838
1753,73,True,2016-05-27 10:12:55.249
1754,80,False,2016-05-27 10:09:02.151
1755,77,True,2016-05-27 09:51:28.251
1756,81,False,2016-05-27 09:49:24.833
1757,82,True,2016-05-27 07:51:36.651
1758,81,False,2016-05-27 07:46:46.448
1759,73,True,2016-05-28 14:07:30.228
1760,82,False,2016-05-28 14:05:25.946
1761,73,True,2016-05-28 13:26:26.052
1762,82,False,2016-05-28 13:24:42.947
1763,73,True,2016-05-28 12:17:47.739
1764,80,False,2016-05-28 12:15:35.036
1765,73,True,2016-05-28 10:53:13.447
1766,81,False,2016-05-28 10:49:55.549
1767,75,True,2016-05-28 10:38:34.453
1768,80,False,2016-05-28 10:37:09.349
1769,81,True,2016-05-28 08:18:25.635
1770,81,False,2016-05-28 08:16:06.034
1771,74,True,2016-05-29 15:38:16.828
1772,81,False,2016-05-29 15:35:03.553
1773,73,True,2016-05-29 13:52:33.033
1774,81,False,2016-05-29 13:50:54.234
1775,73,True,2016-05-29 13:48:29.244
1776,81,False,2016-05-29 13:44:46.736
1777,80,True,2016-05-29 13:42:34.829
1778,81,False,2016-05-29 13:40:37.637
1779,77,True,2016-05-30 16:35:15.747
1780,81,False,2016-05-30 16:32:06.548
1781,74,True,2016-05-30 14:58:44.849
1782,81,False,2016-05-30 14:54:59.636
1783,74,True,2016-05-30 13:48:35.438
1784,82,False,2016-05-30 13:41:35.440
1785,73,True,2016-05-30 11:28:35.452
1786,82,False,2016-05-30 11:25:06.950
1787,73,True,2016-05-30 10:44:26.232
1788,82,False,2016-05-30 10:38:31.651
1789,74,True,2016-05-30 10:10:07.651
1790,81,False,2016-05-30 10:06:02.144
1791,78,True,2016-05-30 09:54:16.845
1792,81,False,2016-05-30 09:52:16.549
1793,79,True,2016-05-30 07:54:20.741
1794,82,False,2016-05-30 07:51:38.840
1795,73,True,2016-05-31 20:21:33.239
1796,81,False,2016-05-31 20:17:50.833
1797,73,True,2016-05-31 19:16:17.037
1798,81,False,2016-05-31 19:13:00.639
1799,73,True,2016-05-31 18:41:40.537
1800,81,False,2016-05-31 18:38:19.146
1801,73,True,2016-05-31 15:54:56.649
1802,81,False,2016-05-31 15:52:43.833
1803,74,True,2016-05-31 15:01:08.955
1804,81,False,2016-05-31 14:58:52.145
1805,73,True,2016-05-31 14:39:52.353
1806,81,False,2016-05-31 14:38:12.548
1807,73,True,2016-05-31 13:11:15.440
1808,81,False,2016-05-31 13:06:28.633
1809,74,True,2016-05-31 11:07:46.934
1810,80,False,2016-05-31 11:05:20.038
1811,73,True,2016-05-31 10:42:23.030
1812,80,False,2016-05-31 10:40:19.135
1813,74,True,2016-05-31 10:27:45.339
1814,81,False,2016-05-31 10:24:32.635
1815,78,True,2016-05-31 10:06:25.832
1816,81,False,2016-05-31 10:03:22.531
1817,74,True,2016-05-31 06:42:00.350
1818,81,False,2016-05-31 06:39:21.245
1819,79,True,2016-05-31 05:44:03.444
1820,81,False,2016-05-31 05:40:50.445
1821,74,True,2016-06-01 16:09:24.842
1822,80,False,2016-06-01 16:06:22.238
1823,74,True,2016-06-01 13:29:50.540
1824,81,False,2016-06-01 13:26:18.653
1825,78,True,2016-06-01 12:51:55.243
1826,81,False,2016-06-01 12:49:11.144
1827,81,True,2016-06-01 08:02:08.938
1828,81,False,2016-06-01 08:00:04.131
1829,74,True,2016-06-01 16:09:24.842
1830,80,False,2016-06-01 16:06:22.238
1831,74,True,2016-06-01 13:29:50.540
1832,81,False,2016-06-01 13:26:18.653
1833,78,True,2016-06-01 12:51:55.243
1834,81,False,2016-06-01 12:49:11.144
1835,81,True,2016-06-01 08:02:08.938
1836,81,False,2016-06-01 08:00:04.131
1837,77,True,2016-06-02 20:00:38.140
1838,81,False,2016-06-02 19:57:29.140
1839,73,True,2016-06-02 15:48:48.656
1840,81,False,2016-06-02 15:44:45.147
1841,73,True,2016-06-02 15:11:04.046
1842,81,False,2016-06-02 15:07:59.542
1843,74,True,2016-06-02 14:05:30.738
1844,81,False,2016-06-02 14:03:15.239
1845,73,True,2016-06-02 10:43:35.250
1846,81,False,2016-06-02 10:35:52.939
1847,79,True,2016-06-02 10:15:34.644
1848,81,False,2016-06-02 10:13:21.753
1849,80,True,2016-06-02 06:36:02.340
1850,81,False,2016-06-02 06:31:34.434
1851,73,True,2016-06-03 20:39:35.045
1852,81,False,2016-06-03 20:37:01.245
1853,74,True,2016-06-03 17:37:18.239
1854,81,False,2016-06-03 17:34:29.131
1855,74,True,2016-06-03 17:32:18.828
1856,81,False,2016-06-03 17:30:54.334
1857,72,True,2016-06-03 17:28:46.634
1858,16,True,2016-06-03 16:08:37.934
1859,81,False,2016-06-03 16:02:31.335
1860,73,True,2016-06-03 13:56:46.031
1861,81,False,2016-06-03 13:54:52.436
1862,74,True,2016-06-03 13:12:11.244
1863,81,False,2016-06-03 13:10:38.448
1864,78,True,2016-06-03 11:13:51.938
1865,81,False,2016-06-03 11:11:15.241
1866,81,True,2016-06-03 09:26:02.539
1867,81,False,2016-06-03 09:22:04.234
1868,74,True,2016-06-04 13:56:12.936
1869,81,False,2016-06-04 13:54:20.733
1870,73,True,2016-06-04 13:35:19.237
1871,81,False,2016-06-04 13:33:50.430
1872,74,True,2016-06-04 12:09:41.839
1873,1,True,2016-06-04 12:08:32.137
1874,81,False,2016-06-04 12:07:01.841
1875,75,True,2016-06-04 11:40:05.136
1876,81,False,2016-06-04 11:35:41.038
1877,81,True,2016-06-04 10:22:36.051
1878,81,False,2016-06-04 10:19:07.041
1879,73,True,2016-06-05 15:30:51.036
1880,82,False,2016-06-05 15:27:45.639
1881,73,True,2016-06-05 14:52:38.634
1882,81,False,2016-06-05 14:49:01.035
1883,74,True,2016-06-05 14:31:11.436
1884,82,False,2016-06-05 14:29:04.534
1885,73,True,2016-06-05 14:05:08.238
1886,81,False,2016-06-05 14:01:13.233
1887,75,True,2016-06-05 13:46:12.930
1888,81,False,2016-06-05 13:43:13.933
1889,76,True,2016-06-06 22:04:38.341
1890,81,False,2016-06-06 22:01:38.134
1891,73,True,2016-06-06 19:38:02.332
1892,82,False,2016-06-06 19:34:50.334
1893,74,True,2016-06-06 17:36:34.936
1894,82,False,2016-06-06 17:33:53.233
1895,73,True,2016-06-06 17:23:10.739
1896,82,False,2016-06-06 17:17:34.953
1897,74,True,2016-06-06 15:25:57.839
1898,81,False,2016-06-06 15:21:46.235
1899,74,True,2016-06-06 13:36:16.941
1900,82,False,2016-06-06 13:34:09.833
1901,74,True,2016-06-06 12:05:20.546
1902,81,False,2016-06-06 12:02:56.251
1903,74,True,2016-06-06 10:34:37.956
1904,81,False,2016-06-06 10:27:47.951
1905,77,True,2016-06-06 09:59:29.843
1906,81,False,2016-06-06 09:57:18.448
1907,82,True,2016-06-06 07:32:28.445
1908,82,False,2016-06-06 07:28:31.849
1909,74,True,2016-06-07 17:13:31.651
1910,82,False,2016-06-07 17:11:32.233
1911,74,True,2016-06-07 16:51:58.752
1912,82,False,2016-06-07 16:48:22.150
1913,73,True,2016-06-07 16:43:18.147
1914,82,False,2016-06-07 16:40:54.946
1915,73,True,2016-06-07 15:59:25.438
1916,82,False,2016-06-07 15:55:49.834
1917,73,True,2016-06-07 15:10:39.036
1918,82,False,2016-06-07 15:07:48.635
1919,73,True,2016-06-07 14:23:07.740
1920,82,False,2016-06-07 14:17:45.451
1921,73,True,2016-06-07 12:45:33.138
1922,82,False,2016-06-07 12:43:23.638
1923,74,True,2016-06-07 11:23:06.946
1924,81,False,2016-06-07 11:20:58.353
1925,78,True,2016-06-07 10:43:25.352
1926,81,False,2016-06-07 10:42:00.550
1927,82,True,2016-06-07 07:01:42.944
1928,81,False,2016-06-07 06:58:05.537
1929,73,True,2016-06-08 19:12:57.639
1930,82,False,2016-06-08 19:08:42.131
1931,73,True,2016-06-08 16:50:31.036
1932,83,False,2016-06-08 16:46:40.955
1933,73,True,2016-06-08 16:41:12.137
1934,82,False,2016-06-08 16:36:42.640
1935,73,True,2016-06-08 15:42:59.552
1936,82,False,2016-06-08 15:35:46.737
1937,73,True,2016-06-08 15:15:56.153
1938,82,False,2016-06-08 15:13:05.348
1939,73,True,2016-06-08 13:57:03.138
1940,81,False,2016-06-08 13:54:58.143
1941,74,True,2016-06-08 13:44:05.746
1942,82,False,2016-06-08 13:41:04.640
1943,74,True,2016-06-08 13:13:34.443
1944,81,False,2016-06-08 13:12:07.242
1945,74,True,2016-06-08 12:20:48.841
1946,82,False,2016-06-08 12:17:57.854
1947,74,True,2016-06-08 11:43:37.651
1948,81,False,2016-06-08 11:41:50.353
1949,74,True,2016-06-08 11:12:48.551
1950,81,False,2016-06-08 11:11:10.946
1951,80,True,2016-06-08 10:41:56.449
1952,81,False,2016-06-08 10:40:13.052
1953,73,True,2016-06-09 21:49:23.239
1954,82,False,2016-06-09 21:44:33.835
1955,77,True,2016-06-09 21:27:26.650
1956,81,False,2016-06-09 21:24:57.036
1957,75,True,2016-06-09 20:00:04.741
1958,81,False,2016-06-09 19:56:08.130
1959,73,True,2016-06-09 16:47:50.054
1960,82,False,2016-06-09 16:45:18.348
1961,74,True,2016-06-09 14:07:50.845
1962,82,False,2016-06-09 14:04:09.939
1963,74,True,2016-06-09 11:55:54.944
1964,81,False,2016-06-09 11:53:56.635
1965,73,True,2016-06-09 11:47:45.445
1966,81,False,2016-06-09 11:40:13.436
1967,74,True,2016-06-09 10:55:20.533
1968,81,False,2016-06-09 10:51:48.148
1969,82,True,2016-06-09 10:39:16.836
1970,82,False,2016-06-09 10:34:41.938
1971,72,True,2016-06-10 19:19:45.133
1972,81,False,2016-06-10 19:16:49.639
1973,73,True,2016-06-10 19:01:35.947
1974,81,False,2016-06-10 18:56:37.451
1975,73,True,2016-06-10 17:01:45.143
1976,80,False,2016-06-10 16:57:44.036
1977,73,True,2016-06-10 15:36:50.844
1978,81,False,2016-06-10 15:33:43.335
1979,73,True,2016-06-10 15:16:07.334
1980,80,False,2016-06-10 15:13:57.038
1981,73,True,2016-06-10 14:45:21.039
1982,81,False,2016-06-10 14:42:56.634
1983,73,True,2016-06-10 14:23:08.039
1984,81,False,2016-06-10 14:20:36.734
1985,74,True,2016-06-10 12:17:58.945
1986,81,False,2016-06-10 12:15:16.248
1987,78,True,2016-06-10 10:56:15.849
1988,81,False,2016-06-10 10:52:28.249
1989,83,True,2016-06-10 06:40:29.349
1990,82,False,2016-06-10 06:37:13.238
1991,73,True,2016-06-11 12:55:43.750
1992,80,False,2016-06-11 12:53:07.156
1993,73,True,2016-06-11 12:07:34.355
1994,81,False,2016-06-11 12:05:12.950
1995,73,True,2016-06-11 11:23:33.151
1996,81,False,2016-06-11 11:21:15.851
1997,81,True,2016-06-11 10:39:17.748
1998,81,False,2016-06-11 10:35:38.541
1999,74,True,2016-06-12 14:09:01.249
2000,81,False,2016-06-12 14:05:46.349
2001,73,True,2016-06-12 11:52:54.134
2002,80,False,2016-06-12 11:46:10.037
2003,73,True,2016-06-12 10:35:19.538
2004,81,False,2016-06-12 10:32:48.841
2005,73,True,2016-06-12 09:45:27.230
2006,80,False,2016-06-12 09:43:56.134
2007,79,True,2016-06-12 09:34:43.532
2008,81,False,2016-06-12 09:32:36.334
2009,73,True,2016-06-13 21:19:01.032
2010,82,False,2016-06-13 21:14:54.738
2011,78,True,2016-06-13 20:16:56.239
2012,81,False,2016-06-13 20:14:15.034
2013,75,True,2016-06-13 14:23:33.639
2014,82,False,2016-06-13 14:21:08.836
2015,74,True,2016-06-13 12:25:55.247
2016,81,False,2016-06-13 12:23:05.548
2017,78,True,2016-06-13 11:24:13.549
2018,81,False,2016-06-13 11:17:58.432
2019,80,True,2016-06-13 09:01:59.343
2020,82,False,2016-06-13 08:58:20.546
2021,73,True,2016-06-14 16:09:32.245
2022,81,False,2016-06-14 16:07:37.744
2023,73,True,2016-06-14 15:56:36.253
2024,81,False,2016-06-14 15:54:18.750
2025,73,True,2016-06-14 15:34:54.246
2026,81,False,2016-06-14 15:32:08.151
2027,74,True,2016-06-14 14:18:41.739
2028,81,False,2016-06-14 14:16:56.241
2029,73,True,2016-06-14 13:28:40.047
2030,81,False,2016-06-14 13:26:20.048
2031,73,True,2016-06-14 12:42:47.550
2032,80,False,2016-06-14 12:39:33.145
2033,73,True,2016-06-14 12:11:10.334
2034,46,False,2016-06-14 12:07:45.934
2035,31,True,2016-06-14 12:07:14.635
2036,81,False,2016-06-14 12:05:46.635
2037,73,True,2016-06-14 11:52:09.438
2038,81,False,2016-06-14 11:48:55.535
2039,73,True,2016-06-14 11:15:37.231
2040,81,False,2016-06-14 11:11:31.340
2041,74,True,2016-06-14 11:02:44.241
2042,81,False,2016-06-14 10:58:05.031
2043,73,True,2016-06-14 10:13:16.237
2044,81,False,2016-06-14 10:10:12.434
2045,74,True,2016-06-14 08:38:29.939
2046,81,False,2016-06-14 08:35:54.829
2047,79,True,2016-06-14 08:08:11.137
2048,81,False,2016-06-14 08:05:59.235
2049,73,True,2016-06-15 19:19:13.139
2050,81,False,2016-06-15 19:15:23.341
2051,73,True,2016-06-15 18:21:33.130
2052,81,False,2016-06-15 18:19:13.335
2053,73,True,2016-06-15 17:10:52.250
2054,82,False,2016-06-15 17:08:22.651
2055,73,True,2016-06-15 16:03:30.248
2056,82,False,2016-06-15 16:01:09.741
2057,73,True,2016-06-15 14:56:10.638
2058,81,False,2016-06-15 14:49:04.435
2059,73,True,2016-06-15 14:45:35.037
2060,81,False,2016-06-15 14:41:53.440
2061,73,True,2016-06-15 14:07:10.137
2062,80,False,2016-06-15 14:04:46.037
2063,74,True,2016-06-15 13:39:48.434
2064,81,False,2016-06-15 13:37:30.835
2065,78,True,2016-06-15 13:00:57.636
2066,81,False,2016-06-15 12:56:42.137
2067,80,True,2016-06-15 09:15:13.958
2068,82,False,2016-06-15 09:11:17.649
2069,76,True,2016-06-16 21:12:24.237
2070,81,False,2016-06-16 21:07:46.548
2071,77,True,2016-06-16 20:02:32.745
2072,82,False,2016-06-16 19:57:14.742
2073,73,True,2016-06-16 18:14:15.037
2074,81,False,2016-06-16 18:10:42.335
2075,74,True,2016-06-16 17:33:05.946
2076,81,False,2016-06-16 17:29:24.541
2077,73,True,2016-06-16 16:21:59.256
2078,81,False,2016-06-16 16:17:39.028
2079,74,True,2016-06-16 16:14:35.934
2080,82,False,2016-06-16 16:11:55.950
2081,73,True,2016-06-16 14:39:39.647
2082,81,False,2016-06-16 14:34:14.843
2083,73,True,2016-06-16 13:48:43.249
2084,81,False,2016-06-16 13:45:54.750
2085,73,True,2016-06-16 13:16:40.349
2086,81,False,2016-06-16 13:09:26.849
2087,77,True,2016-06-16 10:47:11.950
2088,81,False,2016-06-16 10:44:48.530
2089,80,True,2016-06-16 08:32:23.435
2090,82,False,2016-06-16 08:29:30.541
2091,74,True,2016-06-17 20:31:47.449
2092,81,False,2016-06-17 20:29:32.650
2093,75,True,2016-06-17 19:54:52.734
2094,82,False,2016-06-17 19:51:37.839
2095,77,True,2016-06-17 18:42:27.749
2096,81,False,2016-06-17 18:37:44.246
2097,74,True,2016-06-17 14:24:09.740
2098,81,False,2016-06-17 14:21:24.735
2099,73,True,2016-06-17 14:01:45.235
2100,81,False,2016-06-17 13:59:19.435
2101,74,True,2016-06-17 11:41:59.451
2102,81,False,2016-06-17 11:38:34.941
2103,74,True,2016-06-17 11:29:46.937
2104,81,False,2016-06-17 11:27:35.745
2105,78,True,2016-06-17 10:09:53.944
2106,81,False,2016-06-17 10:06:38.434
2107,73,True,2016-06-17 07:54:39.333
2108,81,False,2016-06-17 07:52:11.044
2109,81,True,2016-06-17 07:16:33.351
2110,82,False,2016-06-17 07:13:59.444
2111,75,True,2016-06-18 13:48:28.443
2112,82,False,2016-06-18 13:46:30.045
2113,73,True,2016-06-18 11:30:43.537
2114,81,False,2016-06-18 11:28:35.335
2115,73,True,2016-06-18 11:20:22.343
2116,81,False,2016-06-18 11:16:33.650
2117,74,True,2016-06-18 10:15:51.846
2118,81,False,2016-06-18 10:14:18.754
2119,74,True,2016-06-18 09:27:44.632
2120,82,False,2016-06-18 09:23:10.948
2121,73,True,2016-06-18 08:17:32.047
2122,81,False,2016-06-18 08:15:21.354
2123,81,True,2016-06-18 08:04:50.833
2124,82,False,2016-06-18 08:02:09.729
2125,77,True,2016-06-19 15:24:55.132
2126,81,False,2016-06-19 15:23:10.740
2127,74,True,2016-06-19 11:00:17.930
2128,81,False,2016-06-19 10:58:23.140
2129,81,True,2016-06-19 10:04:21.337
2130,81,False,2016-06-19 10:01:57.043
2131,74,True,2016-06-20 17:51:53.647
2132,81,False,2016-06-20 17:47:36.248
2133,74,True,2016-06-20 16:32:52.536
2134,81,False,2016-06-20 16:30:02.145
2135,73,True,2016-06-20 16:05:03.135
2136,82,False,2016-06-20 16:02:17.832
2137,74,True,2016-06-20 14:06:55.636
2138,81,False,2016-06-20 14:04:41.137
2139,74,True,2016-06-20 14:00:48.529
2140,80,False,2016-06-20 13:55:26.332
2141,75,True,2016-06-20 13:18:57.151
2142,81,False,2016-06-20 13:16:13.451
2143,75,True,2016-06-20 09:40:05.248
2144,81,False,2016-06-20 09:37:55.828
2145,83,True,2016-06-20 08:47:26.148
2146,81,False,2016-06-20 08:42:34.039
2147,78,True,2016-06-21 22:58:19.544
2148,82,False,2016-06-21 22:52:35.854
2149,73,True,2016-06-21 15:54:06.132
2150,81,False,2016-06-21 15:51:31.148
2151,74,True,2016-06-21 13:41:16.938
2152,82,False,2016-06-21 13:38:00.833
2153,74,True,2016-06-21 13:10:50.642
2154,81,False,2016-06-21 13:08:17.635
2155,74,True,2016-06-21 12:13:37.938
2156,81,False,2016-06-21 12:10:36.235
2157,73,True,2016-06-21 11:20:05.243
2158,81,False,2016-06-21 11:17:43.244
2159,77,True,2016-06-21 10:46:54.543
2160,82,False,2016-06-21 10:44:38.941
2161,79,True,2016-06-21 08:31:32.833
2162,82,False,2016-06-21 08:28:43.551
2163,73,True,2016-06-22 21:07:20.048
2164,81,False,2016-06-22 21:02:52.238
2165,73,True,2016-06-22 17:21:45.747
2166,82,False,2016-06-22 17:17:53.951
2167,73,True,2016-06-22 17:09:57.340
2168,82,False,2016-06-22 17:07:46.534
2169,74,True,2016-06-22 16:58:24.939
2170,82,False,2016-06-22 16:54:46.544
2171,73,True,2016-06-22 14:01:45.139
2172,82,False,2016-06-22 13:59:26.632
2173,74,True,2016-06-22 13:37:37.934
2174,82,False,2016-06-22 13:35:22.638
2175,73,True,2016-06-22 13:32:14.538
2176,81,False,2016-06-22 13:29:08.231
2177,74,True,2016-06-22 12:02:26.938
2178,81,False,2016-06-22 11:59:32.058
2179,73,True,2016-06-22 11:00:22.250
2180,81,False,2016-06-22 10:58:47.445
2181,73,True,2016-06-22 10:33:54.056
2182,81,False,2016-06-22 10:32:25.352
2183,99,False,2016-06-22 09:37:12.851
2184,74,True,2016-06-22 08:58:58.653
2185,81,False,2016-06-22 08:57:17.352
2186,73,True,2016-06-22 07:16:17.038
2187,81,False,2016-06-22 07:13:00.039
2188,80,True,2016-06-22 06:39:19.538
2189,81,False,2016-06-22 06:33:25.252
2190,75,True,2016-06-23 21:06:00.145
2191,83,False,2016-06-23 21:01:37.044
2192,72,True,2016-06-23 19:21:41.036
2193,82,False,2016-06-23 19:15:36.130
2194,73,True,2016-06-23 19:03:20.431
2195,83,False,2016-06-23 18:58:49.640
2196,73,True,2016-06-23 18:00:11.637
2197,83,False,2016-06-23 17:58:09.839
2198,73,True,2016-06-23 16:47:21.948
2199,83,False,2016-06-23 16:40:58.937
2200,73,True,2016-06-23 15:34:40.635
2201,82,False,2016-06-23 15:29:53.831
2202,73,True,2016-06-23 14:49:11.047
2203,82,False,2016-06-23 14:42:14.339
2204,73,True,2016-06-23 12:45:12.438
2205,82,False,2016-06-23 12:42:52.641
2206,73,True,2016-06-23 12:05:51.032
2207,81,False,2016-06-23 12:03:36.240
2208,73,True,2016-06-23 11:26:23.049
2209,82,False,2016-06-23 11:24:54.853
2210,73,True,2016-06-23 11:15:44.252
2211,82,False,2016-06-23 11:13:03.643
2212,74,True,2016-06-23 10:39:56.751
2213,81,False,2016-06-23 10:37:23.451
2214,75,True,2016-06-23 10:28:00.750
2215,81,False,2016-06-23 10:26:14.747
2216,80,True,2016-06-23 07:45:34.643
2217,81,False,2016-06-23 07:43:51.140
2218,73,True,2016-06-24 13:55:22.559
2219,82,False,2016-06-24 13:52:32.648
2220,73,True,2016-06-24 13:50:17.346
2221,81,False,2016-06-24 13:47:22.650
2222,73,True,2016-06-24 11:59:14.540
2223,81,False,2016-06-24 11:56:17.240
2224,74,True,2016-06-24 11:12:26.835
2225,81,False,2016-06-24 11:09:22.639
2226,73,True,2016-06-24 10:37:40.240
2227,81,False,2016-06-24 10:35:24.736
2228,81,True,2016-06-24 09:58:57.738
2229,81,False,2016-06-24 09:57:08.133
2230,73,True,2016-06-25 15:52:46.438
2231,81,False,2016-06-25 15:50:27.238
2232,77,True,2016-06-25 15:16:57.356
2233,82,False,2016-06-25 15:15:11.757
2234,73,True,2016-06-25 12:55:01.344
2235,81,False,2016-06-25 12:52:43.748
2236,78,True,2016-06-25 12:45:55.250
2237,81,False,2016-06-25 12:39:10.137
2238,80,True,2016-06-25 09:10:53.150
2239,81,False,2016-06-25 09:07:42.536
2240,77,True,2016-06-26 16:42:24.446
2241,81,False,2016-06-26 16:40:16.352
2242,73,True,2016-06-26 13:29:09.637
2243,81,False,2016-06-26 13:25:08.538
2244,74,True,2016-06-26 13:12:59.634
2245,80,False,2016-06-26 13:10:24.137
2246,74,True,2016-06-26 10:32:23.333
2247,81,False,2016-06-26 10:29:59.434
2248,81,True,2016-06-26 10:18:47.450
2249,81,False,2016-06-26 10:16:37.643
2250,74,True,2016-06-27 17:39:27.371
2251,82,False,2016-06-27 17:35:38.356
2252,74,True,2016-06-27 14:54:37.866
2253,81,False,2016-06-27 14:51:35.865
2254,74,True,2016-06-27 14:46:04.764
2255,81,False,2016-06-27 14:42:11.259
2256,73,True,2016-06-27 13:37:33.176
2257,82,False,2016-06-27 13:34:22.867
2258,73,True,2016-06-27 12:30:03.174
2259,81,False,2016-06-27 12:27:27.876
2260,74,True,2016-06-27 11:51:15.979
2261,81,False,2016-06-27 11:44:34.576
2262,74,True,2016-06-27 11:15:55.878
2263,81,False,2016-06-27 11:12:40.774
2264,73,True,2016-06-27 09:52:43.176
2265,81,False,2016-06-27 09:48:45.274
2266,75,True,2016-06-27 08:56:21.763
2267,81,False,2016-06-27 08:53:56.068
2268,74,True,2016-06-27 07:16:36.971
2269,81,False,2016-06-27 07:04:48.065
2270,16,True,2016-06-27 03:15:05.781
2271,18,False,2016-06-27 03:14:38.186
2272,56,False,2016-06-27 03:12:14.679
2273,134,False,2016-06-27 02:11:15.364
2274,41,True,2016-06-27 01:20:55.971
2275,31,False,2016-06-27 01:20:23.068
2276,35,False,2016-06-27 01:19:27.665
2277,41,True,2016-06-27 01:13:37.369
2278,23,False,2016-06-27 01:13:13.567
2279,41,True,2016-06-27 00:53:13.962
2280,38,False,2016-06-27 00:52:29.864
2281,38,True,2016-06-27 00:47:10.663
2282,36,False,2016-06-27 00:45:59.759
2283,70,False,2016-06-27 00:15:30.279
2284,80,True,2016-06-27 00:10:11.660
2285,81,False,2016-06-27 00:08:10.367
2286,73,True,2016-06-28 17:19:40.470
2287,82,False,2016-06-28 17:14:36.561
2288,73,True,2016-06-28 16:53:16.363
2289,81,False,2016-06-28 16:50:03.360
2290,74,True,2016-06-28 16:27:02.558
2291,82,False,2016-06-28 16:22:00.859
2292,73,True,2016-06-28 15:00:35.662
2293,82,False,2016-06-28 14:58:31.973
2294,73,True,2016-06-28 14:26:38.664
2295,81,False,2016-06-28 14:24:40.357
2296,73,True,2016-06-28 14:07:50.460
2297,82,False,2016-06-28 14:04:28.661
2298,73,True,2016-06-28 13:15:03.475
2299,81,False,2016-06-28 13:12:30.472
2300,73,True,2016-06-28 12:02:41.480
2301,81,False,2016-06-28 11:59:36.975
2302,74,True,2016-06-28 11:22:02.978
2303,81,False,2016-06-28 11:18:57.368
2304,73,True,2016-06-28 10:05:27.578
2305,81,False,2016-06-28 10:03:12.779
2306,74,True,2016-06-28 09:41:26.675
2307,81,False,2016-06-28 09:39:01.581
2308,73,True,2016-06-28 09:31:21.074
2309,81,False,2016-06-28 09:29:09.469
2310,74,True,2016-06-28 09:13:22.466
2311,81,False,2016-06-28 09:10:45.563
2312,79,True,2016-06-28 09:06:35.765
2313,82,False,2016-06-28 09:04:17.962
2314,73,True,2016-06-29 20:24:39.267
2315,81,False,2016-06-29 20:20:06.569
2316,76,True,2016-06-29 19:35:28.071
2317,81,False,2016-06-29 19:33:13.067
2318,77,True,2016-06-29 18:34:44.368
2319,82,False,2016-06-29 18:30:33.864
2320,73,True,2016-06-29 16:43:38.574
2321,81,False,2016-06-29 16:41:19.578
2322,73,True,2016-06-29 15:57:09.075
2323,81,False,2016-06-29 15:52:53.879
2324,73,True,2016-06-29 14:44:39.470
2325,81,False,2016-06-29 14:39:58.484
2326,73,True,2016-06-29 13:58:48.181
2327,81,False,2016-06-29 13:52:51.172
2328,77,True,2016-06-29 13:26:15.874
2329,82,False,2016-06-29 13:23:16.966
2330,73,True,2016-06-29 11:04:27.374
2331,81,False,2016-06-29 11:01:23.380
2332,73,True,2016-06-29 10:42:04.067
2333,81,False,2016-06-29 10:39:58.061
2334,73,True,2016-06-29 10:10:56.163
2335,81,False,2016-06-29 10:09:21.482
2336,74,True,2016-06-29 09:37:51.877
2337,81,False,2016-06-29 09:35:50.174
2338,73,True,2016-06-29 09:31:57.076
2339,81,False,2016-06-29 09:29:28.081
2340,73,True,2016-06-29 08:51:47.566
2341,81,False,2016-06-29 08:49:15.266
2342,74,True,2016-06-29 08:30:25.883
2343,81,False,2016-06-29 08:28:23.877
2344,74,True,2016-06-29 08:14:11.167
2345,82,False,2016-06-29 08:11:12.975
2346,84,True,2016-06-29 07:41:35.085
2347,82,False,2016-06-29 07:37:35.679
2348,73,True,2016-06-30 19:53:27.680
2349,81,False,2016-06-30 19:50:25.176
2350,77,True,2016-06-30 18:53:36.578
2351,82,False,2016-06-30 18:49:45.668
2352,77,True,2016-06-30 17:35:26.864
2353,81,False,2016-06-30 17:33:41.666
2354,73,True,2016-06-30 15:11:03.072
